"2fdb7b4e-a991-402e-813a-2cd66d5bff60","Stikstofdioxide (NO2) Grootschalige concentratiekaarten Nederland (INSPIRE as-is WMS)","https://data.rivm.nl/geo/gcn/wms?request=GetCapabilities","OGC:WMS","Rijksinstituut voor Volksgezondheid en Milieu","info@rivm.nl,info@rivm.nl","Nederlands metadata profiel op ISO 19119 voor services 2.1.0","https://rivmdata.rivm.nl/meta/srv/dut/csw?service=CSW&request=GetRecordById&version=2.0.2&outputSchema=http://www.isotc211.org/2005/gmd&elementSetName=full&id=c10eba83-2e19-4ff8-8605-b48eaa146fa9#MD_DataIdentification","c10eba83-2e19-4ff8-8605-b48eaa146fa9","view"
"7dc30aed-0940-4e69-b34c-9f24b34078eb","Emissies naar lucht en water in 2015 vanuit de industrie (WMS)","https://data.rivm.nl/geo/wms?request=GetCapabilities","OGC:WMS","Rijksinstituut voor Volksgezondheid en Milieu","emissieregistratie@rivm.nl,emissieregistratie@rivm.nl","Nederlands metadata profiel op ISO 19119 voor services 2.1.0","http://www.nationaalgeoregister.nl/geonetwork/srv/dut/csw?service=CSW&request=GetRecordById&version=2.0.2&outputSchema=http://www.isotc211.org/2005/gmd&elementSetName=full&id=f8d840bc-18df-4449-b797-b9adcb81d3ec#MD_DataIdentification","f8d840bc-18df-4449-b797-b9adcb81d3ec","view"
"777f41ee-8269-4bbc-b0e4-f889c62be099","Afgevoerde hoeveelheid afval in 2011 vanuit de industrie (WMS)","https://data.rivm.nl/geo/wms?request=GetCapabilities","OGC:WMS","Rijksinstituut voor Volksgezondheid en Milieu","emissieregistratie@rivm.nl,emissieregistratie@rivm.nl","Nederlands metadata profiel op ISO 19119 voor services 2.1.0","http://www.nationaalgeoregister.nl/geonetwork/srv/dut/csw?service=CSW&request=GetRecordById&version=2.0.2&outputSchema=http://www.isotc211.org/2005/gmd&elementSetName=full&id=50a2c5e6-c8e7-425d-854e-26f578196bc9#MD_DataIdentification","50a2c5e6-c8e7-425d-854e-26f578196bc9","view"
"eeb2cd0d-93ed-4e64-8e0d-170136e0f42c","Emissies naar het riool vanuit de industrie (2019 - heden) (WMS) (INSPIRE)","https://data.rivm.nl/geo/inspire/wms?request=GetCapabilities","OGC:WMS","Rijksinstituut voor Volksgezondheid en Milieu","emissieregistratie@rivm.nl,emissieregistratie@rivm.nl","Nederlands metadata profiel op ISO 19119 voor services 2.1.0","https://data.rivm.nl/meta/srv/dut/csw?service=CSW&request=GetRecordById&version=2.0.2&outputSchema=http://www.isotc211.org/2005/gmd&elementSetName=full&id=a90027f8-7323-45d6-86a7-9374d0de05bf#MD_DataIdentification","a90027f8-7323-45d6-86a7-9374d0de05bf","view"
"752bb2a3-5b20-43f8-88a0-9f16ce3bfd2c","Fijnstof (PM2.5) Grootschalige concentratiekaarten Nederland (INSPIRE as-is WMS)","https://data.rivm.nl/geo/gcn/wms?request=GetCapabilities","OGC:WMS","Rijksinstituut voor Volksgezondheid en Milieu","info@rivm.nl,info@rivm.nl","Nederlands metadata profiel op ISO 19119 voor services 2.1.0","https://rivmdata.rivm.nl/meta/srv/dut/csw?service=CSW&request=GetRecordById&version=2.0.2&outputSchema=http://www.isotc211.org/2005/gmd&elementSetName=full&id=2f15feed-8b8f-43d4-87ef-aa7d6831f5ca#MD_DataIdentification","2f15feed-8b8f-43d4-87ef-aa7d6831f5ca","view"
"cd370f58-0e54-48d6-b83b-ccd332bfb7c7","Emissies naar lucht en water in 2011 vanuit de industrie (WMS)","https://data.rivm.nl/geo/wms?request=GetCapabilities","OGC:WMS","Rijksinstituut voor Volksgezondheid en Milieu","emissieregistratie@rivm.nl,emissieregistratie@rivm.nl","Nederlands metadata profiel op ISO 19119 voor services 2.1.0","http://www.nationaalgeoregister.nl/geonetwork/srv/dut/csw?service=CSW&request=GetRecordById&version=2.0.2&outputSchema=http://www.isotc211.org/2005/gmd&elementSetName=full&id=ad6caa40-89ab-47e3-85ab-3f8e32024a71#MD_DataIdentification","ad6caa40-89ab-47e3-85ab-3f8e32024a71","view"
"745968a3-37af-4406-988e-ec595f58c7fe","LCP emissies (Richtlijn Industriële emissies) 2016 (WMS)","https://data.rivm.nl/geo/inspire/wms?request=GetCapabilities","OGC:WMS","Rijksinstituut voor Volksgezondheid en Milieu","emissieregistratie@rivm.nl,emissieregistratie@rivm@rivm.nl","Nederlands metadata profiel op ISO 19119 voor services 2.1.0","http://www.nationaalgeoregister.nl/geonetwork/srv/dut/csw?service=CSW&request=GetRecordById&version=2.0.2&outputSchema=http://www.isotc211.org/2005/gmd&elementSetName=full&id=d24ccb35-e9d2-41bf-b231-43083fc0c76d#MD_DataIdentification","d24ccb35-e9d2-41bf-b231-43083fc0c76d","view"
"ac8376a7-44d5-48cf-a7de-a13cd45192f1","Zwaveldioxide (SO2) Grootschalige concentratiekaarten Nederland (INSPIRE as-is WMS)","https://data.rivm.nl/geo/gcn/wms?request=GetCapabilities","OGC:WMS","Rijksinstituut voor Volksgezondheid en Milieu","info@rivm.nl,info@rivm.nl","Nederlands metadata profiel op ISO 19119 voor services 2.1.0","https://rivmdata.rivm.nl/meta/srv/dut/csw?service=CSW&request=GetRecordById&version=2.0.2&outputSchema=http://www.isotc211.org/2005/gmd&elementSetName=full&id=59281231-d77a-4fa2-ab28-882fe0a4c4cc#MD_DataIdentification","59281231-d77a-4fa2-ab28-882fe0a4c4cc","view"
"d62bad09-e0b6-4900-b7ed-d6de04e71216","Fijnstof (PM10) Grootschalige concentratiekaarten Nederland (INSPIRE as-is WMS)","https://data.rivm.nl/geo/gcn/wms?request=GetCapabilities","OGC:WMS","Rijksinstituut voor Volksgezondheid en Milieu","info@rivm.nl,info@rivm.nl","Nederlands metadata profiel op ISO 19119 voor services 2.1.0","https://data.rivm.nl/meta/srv/dut/csw?service=CSW&request=GetRecordById&version=2.0.2&outputSchema=http://www.isotc211.org/2005/gmd&elementSetName=full&id=7ea591c5-5bd4-4de3-be67-b982724d4498#MD_DataIdentification","7ea591c5-5bd4-4de3-be67-b982724d4498","view"
"1229f66c-7536-46ee-8bc3-7736f4afcea2","LCP emissies (2019 - heden) (WMS) (INSPIRE)","https://data.rivm.nl/geo/inspire/wms?request=GetCapabilities","OGC:WMS","Rijksinstituut voor Volksgezondheid en Milieu","emissieregistratie@rivm.nl,emissieregistratie@rivm.nl","Nederlands metadata profiel op ISO 19119 voor services 2.1.0","https://data.rivm.nl/meta/srv/dut/csw?service=CSW&request=GetRecordById&version=2.0.2&outputSchema=http://www.isotc211.org/2005/gmd&elementSetName=full&id=9b63289b-8ec1-4bf7-8885-bb5f9815336f#MD_DataIdentification","9b63289b-8ec1-4bf7-8885-bb5f9815336f","view"
"c7f37b14-b362-4da2-b500-9fa407f9dd85","Kwaliteit van drinkwater in Nederland (2013 - heden) WMS (INSPIRE)","https://data.rivm.nl/geo/inspire/wms/GetCapabilities?request=GetCapabilities","OGC:WMS","Rijksinstituut voor Volksgezondheid en Milieu","drinkwaterdata@rivm.nl,drinkwaterdata@rivm.nl","Nederlands metadata profiel op ISO 19119 voor services 2.1.0","https://data.rivm.nl/meta/srv/dut/csw?service=CSW&request=GetRecordById&version=2.0.2&outputSchema=http://www.isotc211.org/2005/gmd&elementSetName=full&id=6e60360d-5502-4edb-bc3d-f8a64324e4be#MD_DataIdentification","6e60360d-5502-4edb-bc3d-f8a64324e4be","view"
"b31a1fb3-3812-45c2-86be-c3db7f6233af","Afgevoerde hoeveelheid afval vanuit de industrie (2019 - heden) (WFS) (INSPIRE)","https://data.rivm.nl/geo/inspire/wfs?request=GetCapabilities","OGC:WFS","Rijksinstituut voor Volksgezondheid en Milieu","emissieregistratie@rivm.nl,emissieregistratie@rivm.nl","Nederlands metadata profiel op ISO 19119 voor services 2.1.0","https://data.rivm.nl/meta/srv/dut/csw?service=CSW&request=GetRecordById&version=2.0.2&outputSchema=http://www.isotc211.org/2005/gmd&elementSetName=full&id=7e3de5ce-41cd-4ee4-bf49-4d71517d8274#MD_DataIdentification","7e3de5ce-41cd-4ee4-bf49-4d71517d8274","view"
"abaa091a-b086-42ac-a003-44bcb5a72e2d","Kwaliteit van drinkwater in Nederland (2013 - heden) WFS (INSPIRE)","https://data.rivm.nl/geo/inspire/wfs/GetCapabilities?request=GetCapabilities","OGC:WFS","Rijksinstituut voor Volksgezondheid en Milieu","drinkwaterdata@rivm.nl,drinkwaterdata@rivm.nl","Nederlands metadata profiel op ISO 19119 voor services 2.1.0","https://data.rivm.nl/meta/srv/dut/csw?service=CSW&request=GetRecordById&version=2.0.2&outputSchema=http://www.isotc211.org/2005/gmd&elementSetName=full&id=6e60360d-5502-4edb-bc3d-f8a64324e4be#MD_DataIdentification","6e60360d-5502-4edb-bc3d-f8a64324e4be","download"
"a8abeacf-bdff-474b-a82a-22cf91286a22","Koolmonoxide (CO) Grootschalige concentratiekaarten Nederland (INSPIRE as-is WCS)","https://data.rivm.nl/geo/gcn/wcs?request=GetCapabilities","OGC:WCS","Rijksinstituut voor Volksgezondheid en Milieu","info@rivm.nl,info@rivm.nl","Nederlands metadata profiel op ISO 19119 voor services 2.1.0","https://rivmdata.rivm.nl/meta/srv/dut/csw?service=CSW&request=GetRecordById&version=2.0.2&outputSchema=http://www.isotc211.org/2005/gmd&elementSetName=full&id=7d38ad2b-2e5c-4eb0-920f-0b696d417ca8#MD_DataIdentification","7d38ad2b-2e5c-4eb0-920f-0b696d417ca8","view"
"4e93ea64-1f11-4544-a7e6-5f09f7d60dca","Stikstofoxiden (NOx) Grootschalige concentratiekaarten Nederland (INSPIRE as-is WCS)","https://data.rivm.nl/geo/gcn/wcs?request=GetCapabilities","OGC:WCS","Rijksinstituut voor Volksgezondheid en Milieu","info@rivm.nl,info@rivm.nl","Nederlands metadata profiel op ISO 19119 voor services 2.1.0","https://rivmdata.rivm.nl/meta/srv/dut/csw?service=CSW&request=GetRecordById&version=2.0.2&outputSchema=http://www.isotc211.org/2005/gmd&elementSetName=full&id=fe5c460f-8eaa-4c74-80da-5a5127caf73d#MD_DataIdentification","fe5c460f-8eaa-4c74-80da-5a5127caf73d","view"
"87731823-aeb5-455a-a79e-8a1c1935e636","Zwaveldioxide (SO2) Grootschalige concentratiekaarten Nederland (INSPIRE as-is WCS)","https://data.rivm.nl/geo/gcn/wcs?request=GetCapabilities","OGC:WCS","Rijksinstituut voor Volksgezondheid en Milieu","info@rivm.nl,info@rivm.nl","Nederlands metadata profiel op ISO 19119 voor services 2.1.0","https://rivmdata.rivm.nl/meta/srv/dut/csw?service=CSW&request=GetRecordById&version=2.0.2&outputSchema=http://www.isotc211.org/2005/gmd&elementSetName=full&id=59281231-d77a-4fa2-ab28-882fe0a4c4cc#MD_DataIdentification","59281231-d77a-4fa2-ab28-882fe0a4c4cc","view"
"283d0a60-4b62-441d-9b17-26e6f85ef756","Emissies naar het riool vanuit de industrie (2019 - heden) (WFS) (INSPIRE)","https://data.rivm.nl/geo/inspire/wfs?request=GetCapabilities","OGC:WFS","Rijksinstituut voor Volksgezondheid en Milieu","emissieregistratie@rivm.nl,emissieregistratie@rivm.nl","Nederlands metadata profiel op ISO 19119 voor services 2.1.0","https://data.rivm.nl/meta/srv/dut/csw?service=CSW&request=GetRecordById&version=2.0.2&outputSchema=http://www.isotc211.org/2005/gmd&elementSetName=full&id=a90027f8-7323-45d6-86a7-9374d0de05bf#MD_DataIdentification","a90027f8-7323-45d6-86a7-9374d0de05bf","view"
"d1973422-159e-40d4-aaaa-372390badda4","Ozon (O3) Grootschalige concentratiekaarten Nederland (INSPIRE as-is WCS)","https://data.rivm.nl/geo/gcn/wcs?request=GetCapabilities","OGC:WCS","Rijksinstituut voor Volksgezondheid en Milieu","info@rivm.nl,info@rivm.nl","Nederlands metadata profiel op ISO 19119 voor services 2.1.0","https://rivmdata.rivm.nl/meta/srv/dut/csw?service=CSW&request=GetRecordById&version=2.0.2&outputSchema=http://www.isotc211.org/2005/gmd&elementSetName=full&id=d1acbb7e-9587-4b7c-98bc-97a1936ecb20#MD_DataIdentification","d1acbb7e-9587-4b7c-98bc-97a1936ecb20","view"
"1ca95c86-2a89-4fa0-9f20-47da97bb0cc4","Benzeen (C6H6) Grootschalige concentratiekaarten Nederland (INSPIRE as-is WMS)","https://data.rivm.nl/geo/gcn/wms?request=GetCapabilities","OGC:WMS","Rijksinstituut voor Volksgezondheid en Milieu","info@rivm.nl,info@rivm.nl","Nederlands metadata profiel op ISO 19119 voor services 2.1.0","["https:\/\/rivmdata.rivm.nl\/meta\/srv\/dut\/csw?service=CSW&request=GetRecordById&version=2.0.2&outputSchema=http:\/\/www.isotc211.org\/2005\/gmd&elementSetName=full&id=undefined#MD_DataIdentification","https:\/\/rivmdata.rivm.nl\/meta\/srv\/dut\/csw?service=CSW&request=GetRecordById&version=2.0.2&outputSchema=http:\/\/www.isotc211.org\/2005\/gmd&elementSetName=full&id=5bab53cc-11ea-461f-8d1a-7959f621633f#MD_DataIdentification"]","undefined 5bab53cc-11ea-461f-8d1a-7959f621633f","view"
"b644bb31-fb06-44e0-ad38-8eaeee25b55d","LCP emissies (2019 - heden) (WFS) (INSPIRE)","https://data.rivm.nl/geo/inspire/wfs?request=GetCapabilities","OGC:WFS","Rijksinstituut voor Volksgezondheid en Milieu","emissieregistratie@rivm.nl,emissieregistratie@rivm.nl","Nederlands metadata profiel op ISO 19119 voor services 2.1.0","https://data.rivm.nl/meta/srv/dut/csw?service=CSW&request=GetRecordById&version=2.0.2&outputSchema=http://www.isotc211.org/2005/gmd&elementSetName=full&id=9b63289b-8ec1-4bf7-8885-bb5f9815336f#MD_DataIdentification","9b63289b-8ec1-4bf7-8885-bb5f9815336f","view"
"44ef4cd7-6033-4963-aee8-633329dbca8c","Emissies naar lucht en water vanuit de industrie (2019 - heden) (WMS) (INSPIRE)","https://data.rivm.nl/geo/inspire/wms?request=GetCapabilities","OGC:WMS","Rijksinstituut voor Volksgezondheid en Milieu","emissieregistratie@rivm.nl,emissieregistratie@rivm.nl","Nederlands metadata profiel op ISO 19119 voor services 2.1.0","https://data.rivm.nl/meta/srv/dut/csw?service=CSW&request=GetRecordById&version=2.0.2&outputSchema=http://www.isotc211.org/2005/gmd&elementSetName=full&id=6daacaf7-818c-409a-ad18-12ec62a324c6#MD_DataIdentification","6daacaf7-818c-409a-ad18-12ec62a324c6","view"
"b3995d1f-d930-4e06-865f-1ebea68226a0","Emissies naar lucht en water vanuit de industrie (2019 - heden) (WFS) (INSPIRE)","https://data.rivm.nl/geo/inspire/wfs?request=GetCapabilities","OGC:WFS","Rijksinstituut voor Volksgezondheid en Milieu","emissieregistratie@rivm.nl,emissieregistratie@rivm.nl","Nederlands metadata profiel op ISO 19119 voor services 2.1.0","https://data.rivm.nl/meta/srv/dut/csw?service=CSW&request=GetRecordById&version=2.0.2&outputSchema=http://www.isotc211.org/2005/gmd&elementSetName=full&id=6daacaf7-818c-409a-ad18-12ec62a324c6#MD_DataIdentification","6daacaf7-818c-409a-ad18-12ec62a324c6","view"
"d0e5dcae-67ac-4bf7-b05b-32fd6972353f","Fijnstof (PM10) Grootschalige concentratiekaarten Nederland (INSPIRE as-is WCS)","https://data.rivm.nl/geo/gcn/wcs?request=GetCapabilities","OGC:WCS","Rijksinstituut voor Volksgezondheid en Milieu","info@rivm.nl,info@rivm.nl","Nederlands metadata profiel op ISO 19119 voor services 2.1.0","https://data.rivm.nl/meta/srv/dut/csw?service=CSW&request=GetRecordById&version=2.0.2&outputSchema=http://www.isotc211.org/2005/gmd&elementSetName=full&id=7ea591c5-5bd4-4de3-be67-b982724d4498#MD_DataIdentification","7ea591c5-5bd4-4de3-be67-b982724d4498","view"
"93c55caa-9d83-40f0-b6ae-66ea56525efe","Ozon (O3) Grootschalige concentratiekaarten Nederland (INSPIRE as-is WMS)","https://data.rivm.nl/geo/gcn/wms?request=GetCapabilities","OGC:WMS","Rijksinstituut voor Volksgezondheid en Milieu","info@rivm.nl,info@rivm.nl","Nederlands metadata profiel op ISO 19119 voor services 2.1.0","https://rivmdata.rivm.nl/meta/srv/dut/csw?service=CSW&request=GetRecordById&version=2.0.2&outputSchema=http://www.isotc211.org/2005/gmd&elementSetName=full&id=d1acbb7e-9587-4b7c-98bc-97a1936ecb20#MD_DataIdentification","d1acbb7e-9587-4b7c-98bc-97a1936ecb20","view"
"95e2c712-1b91-4f24-9453-c56b95227717","Emissies naar het riool in 2015 vanuit de industrie (WMS)","https://data.rivm.nl/geo/wms?request=GetCapabilities","OGC:WMS","Rijksinstituut voor Volksgezondheid en Milieu","emissieregistratie@rivm.nl,emissieregistratie@rivm.nl","Nederlands metadata profiel op ISO 19119 voor services 2.1.0","http://www.nationaalgeoregister.nl/geonetwork/srv/dut/csw?service=CSW&request=GetRecordById&version=2.0.2&outputSchema=http://www.isotc211.org/2005/gmd&elementSetName=full&id=f2f86edf-ac3a-48e8-9292-0544da2d7645#MD_DataIdentification","f2f86edf-ac3a-48e8-9292-0544da2d7645","view"
"ec688e93-d008-410f-98fb-59798d68e16f","Afgevoerde hoeveelheid afval vanuit de industrie (2019 - heden) (WMS) (INSPIRE)","https://data.rivm.nl/geo/inspire/wms?request=GetCapabilities","OGC:WMS","Rijksinstituut voor Volksgezondheid en Milieu","emissieregistratie@rivm.nl,emissieregistratie@rivm.nl","Nederlands metadata profiel op ISO 19119 voor services 2.1.0","https://data.rivm.nl/meta/srv/dut/csw?service=CSW&request=GetRecordById&version=2.0.2&outputSchema=http://www.isotc211.org/2005/gmd&elementSetName=full&id=7e3de5ce-41cd-4ee4-bf49-4d71517d8274#MD_DataIdentification","7e3de5ce-41cd-4ee4-bf49-4d71517d8274","view"
"90e67596-bd1e-45c8-85d4-9255982c22f3","Koolmonoxide (CO) Grootschalige concentratiekaarten Nederland (INSPIRE as-is WMS)","https://data.rivm.nl/geo/gcn/wms?request=GetCapabilities","OGC:WMS","Rijksinstituut voor Volksgezondheid en Milieu","info@rivm.nl,info@rivm.nl","Nederlands metadata profiel op ISO 19119 voor services 2.1.0","["https:\/\/rivmdata.rivm.nl\/meta\/srv\/dut\/csw?service=CSW&request=GetRecordById&version=2.0.2&outputSchema=http:\/\/www.isotc211.org\/2005\/gmd&elementSetName=full&id=undefined#MD_DataIdentification","https:\/\/rivmdata.rivm.nl\/meta\/srv\/dut\/csw?service=CSW&request=GetRecordById&version=2.0.2&outputSchema=http:\/\/www.isotc211.org\/2005\/gmd&elementSetName=full&id=7d38ad2b-2e5c-4eb0-920f-0b696d417ca8#MD_DataIdentification"]","undefined 7d38ad2b-2e5c-4eb0-920f-0b696d417ca8","view"
"c920c15d-95b8-4be4-8874-1fba0a138ee8","Stikstofoxiden (NO2) Grootschalige concentratiekaarten Nederland (INSPIRE as-is WCS)","https://data.rivm.nl/geo/gcn/wcs?request=GetCapabilities","OGC:WCS","Rijksinstituut voor Volksgezondheid en Milieu","info@rivm.nl,info@rivm.nl","Nederlands metadata profiel op ISO 19119 voor services 2.1.0","https://rivmdata.rivm.nl/meta/srv/dut/csw?service=CSW&request=GetRecordById&version=2.0.2&outputSchema=http://www.isotc211.org/2005/gmd&elementSetName=full&id=c10eba83-2e19-4ff8-8605-b48eaa146fa9#MD_DataIdentification","c10eba83-2e19-4ff8-8605-b48eaa146fa9","view"
"c56433ca-35f2-4aaf-8bfa-35d8e0e52dda","Afgevoerde hoeveelheid afval in 2015 vanuit de industrie (WMS)","https://data.rivm.nl/geo/wms?request=GetCapabilities","OGC:WMS","Rijksinstituut voor Volksgezondheid en Milieu","emissieregistratie@rivm.nl,emissieregistratie@rivm.nl","Nederlands metadata profiel op ISO 19119 voor services 2.1.0","http://www.nationaalgeoregister.nl/geonetwork/srv/dut/csw?service=CSW&request=GetRecordById&version=2.0.2&outputSchema=http://www.isotc211.org/2005/gmd&elementSetName=full&id=08b27bf0-e34a-4b30-9eac-5edadfb6a288#MD_DataIdentification","08b27bf0-e34a-4b30-9eac-5edadfb6a288","view"
"6cd05e91-d6d8-48e0-a6a7-f6a0e9970b34","Fijnstof (PM2.5) Grootschalige concentratiekaarten Nederland (INSPIRE as-is WCS)","https://data.rivm.nl/geo/gcn/wcs?request=GetCapabilities","OGC:WCS","Rijksinstituut voor Volksgezondheid en Milieu","info@rivm.nl,info@rivm.nl","Nederlands metadata profiel op ISO 19119 voor services 2.1.0","https://rivmdata.rivm.nl/meta/srv/dut/csw?service=CSW&request=GetRecordById&version=2.0.2&outputSchema=http://www.isotc211.org/2005/gmd&elementSetName=full&id=2f15feed-8b8f-43d4-87ef-aa7d6831f5ca#MD_DataIdentification","2f15feed-8b8f-43d4-87ef-aa7d6831f5ca","view"
"bd14098b-44e6-47e5-959d-f40dda65da5a","Ziekenhuizen in Nederland (september 2013) (WMS)","https://data.rivm.nl/geo/inspire/wms?request=GetCapabilities","OGC:WMS","Rijksinstituut voor Volksgezondheid en Milieu","atlas@rivm.nl,atlas@rivm.nl","Nederlands metadata profiel op ISO 19119 voor services 2.1.0","http://www.nationaalgeoregister.nl/geonetwork/srv/dut/csw?service=CSW&request=GetRecordById&version=2.0.2&outputSchema=http://www.isotc211.org/2005/gmd&elementSetName=full&id=d9baa847-4652-4588-abe1-0b050f40f27f#MD_DataIdentification","d9baa847-4652-4588-abe1-0b050f40f27f","view"
"f61eec5c-cb91-40b6-ad35-9bca967006cc","Jaarcijfers Landelijk Meetnet Luchtkwaliteit 2012 (WMS)","https://data.rivm.nl/geo/inspire/wms?request=GetCapabilities","OGC:WMS","Rijksinstituut voor Volksgezondheid en Milieu","emissieregistratie@rivm.nl,emissieregistratie@rivm.nl","Nederlands metadata profiel op ISO 19119 voor services 2.1.0","http://www.nationaalgeoregister.nl/geonetwork/srv/dut/csw?service=CSW&request=GetRecordById&version=2.0.2&outputSchema=http://www.isotc211.org/2005/gmd&elementSetName=full&id=588a4cb1-b442-4ac1-87e4-40401e353166#MD_DataIdentification","588a4cb1-b442-4ac1-87e4-40401e353166","view"
"a02c6566-e0ad-4fc1-b217-67cc1099dea2","Emissies naar het riool in 2011 vanuit de industrie (WMS)","https://data.rivm.nl/geo/wms?request=GetCapabilities","OGC:WMS","Rijksinstituut voor Volksgezondheid en Milieu","emissieregistratie@rivm.nl,emissieregistratie@rivm.nl","Nederlands metadata profiel op ISO 19119 voor services 2.1.0","http://www.nationaalgeoregister.nl/geonetwork/srv/dut/csw?service=CSW&request=GetRecordById&version=2.0.2&outputSchema=http://www.isotc211.org/2005/gmd&elementSetName=full&id=8b0b02a0-1e1b-4cda-bcfe-6fa0f738e38f#MD_DataIdentification","8b0b02a0-1e1b-4cda-bcfe-6fa0f738e38f","view"
"af4d34be-0ab8-49e4-bf44-7676911768a3","Benzeen (C6H6) Grootschalige concentratiekaarten Nederland (INSPIRE as-is WCS)","https://data.rivm.nl/geo/gcn/wcs?request=GetCapabilities","OGC:WCS","Rijksinstituut voor Volksgezondheid en Milieu","info@rivm.nl,info@rivm.nl","Nederlands metadata profiel op ISO 19119 voor services 2.1.0","https://rivmdata.rivm.nl/meta/srv/dut/csw?service=CSW&request=GetRecordById&version=2.0.2&outputSchema=http://www.isotc211.org/2005/gmd&elementSetName=full&id=5bab53cc-11ea-461f-8d1a-7959f621633f#MD_DataIdentification","5bab53cc-11ea-461f-8d1a-7959f621633f","view"
"081bcfff-5f66-467c-95d0-d88dcf9aa4cf","Monitoring stations (Nitraatrichtlijn) ondiepe filters (WMS)","https://data.rivm.nl/geo/inspire/wms?request=GetCapabilities","OGC:WMS","Rijksinstituut voor Volksgezondheid en Milieu","info@rivm.nl,info@rivm.nl","Nederlands metadata profiel op ISO 19119 voor services 2.1.0","http://www.nationaalgeoregister.nl/geonetwork/srv/dut/csw?service=CSW&request=GetRecordById&version=2.0.2&outputSchema=http://www.isotc211.org/2005/gmd&elementSetName=full&id=b3f66964-a8c1-456f-9799-9cafca2cb7b1#MD_DataIdentification","b3f66964-a8c1-456f-9799-9cafca2cb7b1","view"
"a6098c24-4caf-4528-954c-672b9ec6cf78","Kwaliteit van drinkwater in Nederland (2012) (WMS)","https://data.rivm.nl/geo/inspire/wms?request=GetCapabilities","OGC:WMS","Rijksinstituut voor Volksgezondheid en Milieu","geodata@rivm.nl,geodata@rivm.nl","Nederlands metadata profiel op ISO 19119 voor services 2.1.0","http://www.nationaalgeoregister.nl/geonetwork/srv/dut/csw?service=CSW&request=GetRecordById&version=2.0.2&outputSchema=http://www.isotc211.org/2005/gmd&elementSetName=full&id=32a21114-8694-40ce-ab76-9dcd885c7861#MD_DataIdentification","32a21114-8694-40ce-ab76-9dcd885c7861","view"
"f0eb64f9-8888-42e1-9550-bf91c32da4bc","Natuurlijke alfa activiteitsconcentratie in lucht Nationaal Meetnet Radioactiviteit 2011 (WMS)","https://data.rivm.nl/geo/inspire/wms?request=GetCapabilities","OGC:WMS","Rijksinstituut voor Volksgezondheid en Milieu","nmrbeheer@rivm.nl,nmrbeheer@rivm.nl","Nederlands metadata profiel op ISO 19119 voor services 2.1.0","http://www.nationaalgeoregister.nl/geonetwork/srv/dut/csw?service=CSW&request=GetRecordById&version=2.0.2&outputSchema=http://www.isotc211.org/2005/gmd&elementSetName=full&id=e1e99000-ec47-4e9f-84a5-adad24fef0dc#MD_DataIdentification","e1e99000-ec47-4e9f-84a5-adad24fef0dc","view"
"755d488b-7b94-4883-95be-6aa279604f85","Monitoring stations (Nitraatrichtlijn) diepe filters (WMS)","https://data.rivm.nl/geo/inspire/wms?request=GetCapabilities","OGC:WMS","Rijksinstituut voor Volksgezondheid en Milieu","info@rivm.nl,info@rivm.nl","Nederlands metadata profiel op ISO 19119 voor services 2.1.0","http://www.nationaalgeoregister.nl/geonetwork/srv/dut/csw?service=CSW&request=GetRecordById&version=2.0.2&outputSchema=http://www.isotc211.org/2005/gmd&elementSetName=full&id=36a7e8cb-8300-4602-93d2-135943365a6f#MD_DataIdentification","36a7e8cb-8300-4602-93d2-135943365a6f","view"
"14ae042e-0fba-4c6b-82da-52b0ea62d68c","Stikstofoxiden (NOx) Grootschalige concentratiekaarten Nederland (INSPIRE as-is WMS)","https://data.rivm.nl/geo/gcn/wms?request=GetCapabilities","OGC:WMS","Rijksinstituut voor Volksgezondheid en Milieu","info@rivm.nl,info@rivm.nl","Nederlands metadata profiel op ISO 19119 voor services 2.1.0","https://rivmdata.rivm.nl/meta/srv/dut/csw?service=CSW&request=GetRecordById&version=2.0.2&outputSchema=http://www.isotc211.org/2005/gmd&elementSetName=full&id=fe5c460f-8eaa-4c74-80da-5a5127caf73d#MD_DataIdentification","fe5c460f-8eaa-4c74-80da-5a5127caf73d","view"
"0426f471-f325-42ed-a775-81c397592e86","Omgevingsdosisequivalenttempo Nationaal Meetnet Radioactiviteit 2011 (WMS)","https://data.rivm.nl/geo/inspire/wms?request=GetCapabilities","OGC:WMS","Rijksinstituut voor Volksgezondheid en Milieu","nmrbeheer@rivm.nl,nmrbeheer@rivm.nl","Nederlands metadata profiel op ISO 19119 voor services 2.1.0","http://www.nationaalgeoregister.nl/geonetwork/srv/dut/csw?service=CSW&request=GetRecordById&version=2.0.2&outputSchema=http://www.isotc211.org/2005/gmd&elementSetName=full&id=8a4f5c3b-aced-48fd-afb5-f1f1d0ef21d6#MD_DataIdentification","8a4f5c3b-aced-48fd-afb5-f1f1d0ef21d6","view"
"23aa5150-fcc7-46ea-ae63-a7f198d8bc18","Zones en agglomeraties (Richtlijn Luchtkwaliteit) 2013 (WMS)","https://data.rivm.nl/geo/inspire/wms?request=GetCapabilities","OGC:WMS","Rijksinstituut voor Volksgezondheid en Milieu","emissieregistratie@rivm.nl,emissieregistratie@rivm@rivm.nl","Nederlands metadata profiel op ISO 19119 voor services 2.1.0","http://www.nationaalgeoregister.nl/geonetwork/srv/dut/csw?service=CSW&request=GetRecordById&version=2.0.2&outputSchema=http://www.isotc211.org/2005/gmd&elementSetName=full&id=2cc2c30c-91b8-412a-a060-e84d25272581#MD_DataIdentification","2cc2c30c-91b8-412a-a060-e84d25272581","view"
"c5f61276-efe7-4b26-a08c-3f6f160d4462","Nitraatrichtlijn 2024 LMG (WFS) (INSPIRE)","https://data.rivm.nl/geo/inspire/wfs?request=GetCapabilities","OGC:WFS","Rijksinstituut voor Volksgezondheid en Milieu","info@rivm.nl,info@rivm.nl","Nederlands metadata profiel op ISO 19119 voor services 2.1.0","https://data.rivm.nl/meta/srv/dut/csw?service=CSW&request=GetRecordById&version=2.0.2&outputSchema=http://www.isotc211.org/2005/gmd&elementSetName=full&id=41ab88a0-7f31-4406-9014-20046e4b2e76#MD_DataIdentification","41ab88a0-7f31-4406-9014-20046e4b2e76","download"
"0944b5f2-0919-42a3-b4a7-9b257e08aac3","Nitraatrichtlijn 2024 LMG (WMS) (INSPIRE)","https://data.rivm.nl/geo/inspire/wms?request=GetCapabilities","OGC:WMS","Rijksinstituut voor Volksgezondheid en Milieu","info@rivm.nl,info@rivm.nl","Nederlands metadata profiel op ISO 19119 voor services 2.1.0","https://data.rivm.nl/meta/srv/dut/csw?service=CSW&request=GetRecordById&version=2.0.2&outputSchema=http://www.isotc211.org/2005/gmd&elementSetName=full&id=41ab88a0-7f31-4406-9014-20046e4b2e76#MD_DataIdentification","41ab88a0-7f31-4406-9014-20046e4b2e76","view"
"f39d198a-1e69-43cc-b359-cc60a8c22d28","Meetwaarden van Luchtkwaliteitsstations in Nederland","https://inspire.rivm.nl/sos/eaq/service?service=AQD&version=1.0.0&request=GetCapabilities","OGC:SOS","Rijksinstituut voor Volksgezondheid en Milieu","emissieregistratie@rivm.nl,emissieregistratie@rivm@rivm.nl","Nederlands metadata profiel op ISO 19119 voor services 2.1.0","["http:\/\/www.nationaalgeoregister.nl\/geonetwork\/srv\/dut\/csw?service=CSW&request=GetRecordById&version=2.0.2&outputSchema=http:\/\/www.isotc211.org\/2005\/gmd&elementSetName=full&id=733559a5-201d-40e5-ad43-d1c7bae84d9f#MD_DataIdentification","http:\/\/www.nationaalgeoregister.nl\/geonetwork\/srv\/dut\/csw?service=CSW&request=GetRecordById&version=2.0.2&outputSchema=http:\/\/www.isotc211.org\/2005\/gmd&elementSetName=full&id=d3c9efd6-fca7-49d6-92bb-5f507abece90#MD_DataIdentification","http:\/\/www.nationaalgeoregister.nl\/geonetwork\/srv\/dut\/csw?service=CSW&request=GetRecordById&version=2.0.2&outputSchema=http:\/\/www.isotc211.org\/2005\/gmd&elementSetName=full&id=af135cd8-d429-4fc7-b9e3-09e15217520d#MD_DataIdentification","http:\/\/www.nationaalgeoregister.nl\/geonetwork\/srv\/dut\/csw?service=CSW&request=GetRecordById&version=2.0.2&outputSchema=http:\/\/www.isotc211.org\/2005\/gmd&elementSetName=full&id=b3ec8793-7747-4da0-b6c3-aa384446a586#MD_DataIdentification","http:\/\/www.nationaalgeoregister.nl\/geonetwork\/srv\/dut\/csw?service=CSW&request=GetRecordById&version=2.0.2&outputSchema=http:\/\/www.isotc211.org\/2005\/gmd&elementSetName=full&id=5800f3b0-2ea2-4231-8165-216a7b26867f#MD_DataIdentification","http:\/\/www.nationaalgeoregister.nl\/geonetwork\/srv\/dut\/csw?service=CSW&request=GetRecordById&version=2.0.2&outputSchema=http:\/\/www.isotc211.org\/2005\/gmd&elementSetName=full&id=d8f370e8-123c-4ab3-9410-04f728327ac6#MD_DataIdentification","http:\/\/www.nationaalgeoregister.nl\/geonetwork\/srv\/dut\/csw?service=CSW&request=GetRecordById&version=2.0.2&outputSchema=http:\/\/www.isotc211.org\/2005\/gmd&elementSetName=full&id=f91c6ad6-62a5-46d0-8a5b-8a62e7a4b833#MD_DataIdentification","http:\/\/www.nationaalgeoregister.nl\/geonetwork\/srv\/dut\/csw?service=CSW&request=GetRecordById&version=2.0.2&outputSchema=http:\/\/www.isotc211.org\/2005\/gmd&elementSetName=full&id=500d396f-5ec6-4e4b-a151-5fb3cddd8082#MD_DataIdentification"]","733559a5-201d-40e5-ad43-d1c7bae84d9f d3c9efd6-fca7-49d6-92bb-5f507abece90 af135cd8-d429-4fc7-b9e3-09e15217520d b3ec8793-7747-4da0-b6c3-aa384446a586 5800f3b0-2ea2-4231-8165-216a7b26867f d8f370e8-123c-4ab3-9410-04f728327ac6 f91c6ad6-62a5-46d0-8a5b-8a62e7a4b833 500d396f-5ec6-4e4b-a151-5fb3cddd8082","download"
"b4485d59-a945-4940-a2f5-3ce7de6a947b","Monitoring stations (Nitraatrichtlijn) ondiepe filters (WFS)","https:\/\/data.rivm.nl\/geo\/wfs?request=GetCapabilities","OGC:WFS","Rijksinstituut voor Volksgezondheid en Milieu","info@rivm.nl,info@rivm.nl","Nederlands metadata profiel op ISO 19119 voor services 2.1.0","http://www.nationaalgeoregister.nl/geonetwork/srv/dut/csw?service=CSW&request=GetRecordById&version=2.0.2&outputSchema=http://www.isotc211.org/2005/gmd&elementSetName=full&id=b3f66964-a8c1-456f-9799-9cafca2cb7b1#MD_DataIdentification","b3f66964-a8c1-456f-9799-9cafca2cb7b1","download"
"03c39474-aef9-4169-95da-9890af440b14","Afgevoerde hoeveelheid afval in 2015 vanuit de industrie (WFS)","https:\/\/data.rivm.nl\/geo\/inspire\/wfs?request=GetCapabilities","OGC:WFS","Rijksinstituut voor Volksgezondheid en Milieu","emissieregistratie@rivm.nl,emissieregistratie@rivm.nl","Nederlands metadata profiel op ISO 19119 voor services 2.1.0","https://www.nationaalgeoregister.nl/geonetwork/srv/dut/csw?service=CSW&request=GetRecordById&version=2.0.2&outputSchema=http://www.isotc211.org/2005/gmd&elementSetName=full&id=08b27bf0-e34a-4b30-9eac-5edadfb6a288#MD_DataIdentification","08b27bf0-e34a-4b30-9eac-5edadfb6a288","download"
"f59357eb-185f-42a5-b465-90bfa6e3e416","Kwaliteit van drinkwater in Nederland (2012) (WFS)","https:\/\/data.rivm.nl\/geo\/wfs?request=GetCapabilities","OGC:WFS","Rijksinstituut voor Volksgezondheid en Milieu","geodata@rivm.nl,geodata@rivm.nl","Nederlands metadata profiel op ISO 19119 voor services 2.1.0","http://www.nationaalgeoregister.nl/geonetwork/srv/dut/csw?service=CSW&request=GetRecordById&version=2.0.2&outputSchema=http://www.isotc211.org/2005/gmd&elementSetName=full&id=32a21114-8694-40ce-ab76-9dcd885c7861#MD_DataIdentification","32a21114-8694-40ce-ab76-9dcd885c7861","download"
"37308f90-e619-4b62-ae9e-e656bb3f1649","Emissies naar het riool in 2011 vanuit de industrie (WFS)","https:\/\/data.rivm.nl\/geo\/inspire\/wfs?request=GetCapabilities","OGC:WFS","Rijksinstituut voor Volksgezondheid en Milieu","emissieregistratie@rivm.nl,emissieregistratie@rivm.nl","Nederlands metadata profiel op ISO 19119 voor services 2.1.0","https://www.nationaalgeoregister.nl/geonetwork/srv/dut/csw?service=CSW&request=GetRecordById&version=2.0.2&outputSchema=http://www.isotc211.org/2005/gmd&elementSetName=full&id=8b0b02a0-1e1b-4cda-bcfe-6fa0f738e38f#MD_DataIdentification","8b0b02a0-1e1b-4cda-bcfe-6fa0f738e38f","download"
"0606e8cb-fa51-402c-a3be-19fd724b0a10","Emissies naar het riool in 2015 vanuit de industrie (WFS)","https:\/\/data.rivm.nl\/geo\/inspire\/wfs?request=GetCapabilities","OGC:WFS","Rijksinstituut voor Volksgezondheid en Milieu","emissieregistratie@rivm.nl,emissieregistratie@rivm.nl","Nederlands metadata profiel op ISO 19119 voor services 2.1.0","https://www.nationaalgeoregister.nl/geonetwork/srv/dut/csw?service=CSW&request=GetRecordById&version=2.0.2&outputSchema=http://www.isotc211.org/2005/gmd&elementSetName=full&id=f2f86edf-ac3a-48e8-9292-0544da2d7645#MD_DataIdentification","f2f86edf-ac3a-48e8-9292-0544da2d7645","download"
"72f30ca1-3b80-4020-b9ed-301b1a88df39","Jaarcijfers Landelijk Meetnet Luchtkwaliteit 2012 (WFS)","https:\/\/data.rivm.nl\/geo\/inspire\/wfs?request=GetCapabilities","OGC:WFS","Rijksinstituut voor Volksgezondheid en Milieu","emissieregistratie@rivm.nl,emissieregistratie@rivm.nl","Nederlands metadata profiel op ISO 19119 voor services 2.1.0","https://www.nationaalgeoregister.nl/geonetwork/srv/dut/csw?service=CSW&request=GetRecordById&version=2.0.2&outputSchema=http://www.isotc211.org/2005/gmd&elementSetName=full&id=588a4cb1-b442-4ac1-87e4-40401e353166#MD_DataIdentification","588a4cb1-b442-4ac1-87e4-40401e353166","download"
"ff8f6da2-949e-4838-90f6-fd895a4a240f","LCP emissies (Richtlijn Industriële emissies) 2016 (WFS)","https:\/\/data.rivm.nl\/geo\/wfs?request=GetCapabilities","OGC:WFS","Rijksinstituut voor Volksgezondheid en Milieu","emissieregistratie@rivm.nl,geodata@rivm.nl","Nederlands metadata profiel op ISO 19119 voor services 2.1.0","http://www.nationaalgeoregister.nl/geonetwork/srv/dut/csw?service=CSW&request=GetRecordById&version=2.0.2&outputSchema=http://www.isotc211.org/2005/gmd&elementSetName=full&id=d24ccb35-e9d2-41bf-b231-43083fc0c76d#MD_DataIdentification","d24ccb35-e9d2-41bf-b231-43083fc0c76d","download"
"a931e334-b752-4935-8a98-00eddc443789","Omgevingsdosisequivalenttempo Nationaal Meetnet Radioactiviteit 2011 (WFS)","https:\/\/data.rivm.nl\/geo\/wfs?request=GetCapabilities","OGC:WFS","Rijksinstituut voor Volksgezondheid en Milieu","nmrbeheer@rivm.nl,nmrbeheer@rivm.nl","Nederlands metadata profiel op ISO 19119 voor services 2.1.0","http://www.nationaalgeoregister.nl/geonetwork/srv/dut/csw?service=CSW&request=GetRecordById&version=2.0.2&outputSchema=http://www.isotc211.org/2005/gmd&elementSetName=full&id=8a4f5c3b-aced-48fd-afb5-f1f1d0ef21d6#MD_DataIdentification","8a4f5c3b-aced-48fd-afb5-f1f1d0ef21d6","download"
"9fd2324b-9e02-4eab-bd4a-8e2be4fcd545","Zones en agglomeraties (Richtlijn Luchtkwaliteit) 2013 (WFS)","https:\/\/data.rivm.nl\/geo\/wfs?request=GetCapabilities","OGC:WFS","Rijksinstituut voor Volksgezondheid en Milieu","emissieregistratie@rivm.nl,geodata@rivm.nl","Nederlands metadata profiel op ISO 19119 voor services 2.1.0","http://www.nationaalgeoregister.nl/geonetwork/srv/dut/csw?service=CSW&request=GetRecordById&version=2.0.2&outputSchema=http://www.isotc211.org/2005/gmd&elementSetName=full&id=2cc2c30c-91b8-412a-a060-e84d25272581#MD_DataIdentification","2cc2c30c-91b8-412a-a060-e84d25272581","download"
"fbe544b6-6e6f-43a0-80b9-ced1df78c434","Emissies naar lucht en water in 2011 vanuit de industrie (WFS)","https:\/\/data.rivm.nl\/geo\/inspire\/wfs?request=GetCapabilities","OGC:WFS","Rijksinstituut voor Volksgezondheid en Milieu","emissieregistratie@rivm.nl,emissieregistratie@rivm.nl","Nederlands metadata profiel op ISO 19119 voor services 2.1.0","https://www.nationaalgeoregister.nl/geonetwork/srv/dut/csw?service=CSW&request=GetRecordById&version=2.0.2&outputSchema=http://www.isotc211.org/2005/gmd&elementSetName=full&id=f2f86edf-ac3a-48e8-9292-0544da2d7645#MD_DataIdentification","f2f86edf-ac3a-48e8-9292-0544da2d7645","download"
"5d3fc8f8-5cb4-42e2-8f9b-62c147f36cc5","Natuurlijke alfa activiteitsconcentratie in lucht Nationaal Meetnet Radioactiviteit 2011 (WFS)","https:\/\/data.rivm.nl\/geo\/wfs?request=GetCapabilities","OGC:WFS","Rijksinstituut voor Volksgezondheid en Milieu","nmrbeheer@rivm.nl,nmrbeheer@rivm.nl","Nederlands metadata profiel op ISO 19119 voor services 2.1.0","http://www.nationaalgeoregister.nl/geonetwork/srv/dut/csw?service=CSW&request=GetRecordById&version=2.0.2&outputSchema=http://www.isotc211.org/2005/gmd&elementSetName=full&id=e1e99000-ec47-4e9f-84a5-adad24fef0dc#MD_DataIdentification","e1e99000-ec47-4e9f-84a5-adad24fef0dc","download"
"46873d16-6835-48c4-b47f-134ab0cb31fa","Afgevoerde hoeveelheid afval in 2011 vanuit de industrie (WFS)","https:\/\/data.rivm.nl\/geo\/wfs?request=GetCapabilities","OGC:WFS","Rijksinstituut voor Volksgezondheid en Milieu","emissieregistratie@rivm.nl,emissieregistratie@rivm.nl","Nederlands metadata profiel op ISO 19119 voor services 2.1.0","http://www.nationaalgeoregister.nl/geonetwork/srv/dut/csw?service=CSW&request=GetRecordById&version=2.0.2&outputSchema=http://www.isotc211.org/2005/gmd&elementSetName=full&id=50a2c5e6-c8e7-425d-854e-26f578196bc9#MD_DataIdentification","50a2c5e6-c8e7-425d-854e-26f578196bc9","download"
"01572637-b851-4cc3-b06a-56c1ae1115cc","Ziekenhuizen in Nederland (september 2013) (WFS)","https:\/\/data.rivm.nl\/geo\/wfs?request=GetCapabilities","OGC:WFS","Rijksinstituut voor Volksgezondheid en Milieu","atlas@rivm.nl,geodata@rivm.nl","Nederlands metadata profiel op ISO 19119 voor services 2.1.0","http://www.nationaalgeoregister.nl/geonetwork/srv/dut/csw?service=CSW&request=GetRecordById&version=2.0.2&outputSchema=http://www.isotc211.org/2005/gmd&elementSetName=full&id=d9baa847-4652-4588-abe1-0b050f40f27f#MD_DataIdentification","d9baa847-4652-4588-abe1-0b050f40f27f","download"
"224d93f6-0e4e-41fe-8424-1ab11a6c55ed","Monitoring stations (Nitraatrichtlijn) diepe filters (WFS)","https:\/\/data.rivm.nl\/geo\/wfs?request=GetCapabilities","OGC:WFS","Rijksinstituut voor Volksgezondheid en Milieu","info@rivm.nl,info@rivm.nl","Nederlands metadata profiel op ISO 19119 voor services 2.1.0","http://www.nationaalgeoregister.nl/geonetwork/srv/dut/csw?service=CSW&request=GetRecordById&version=2.0.2&outputSchema=http://www.isotc211.org/2005/gmd&elementSetName=full&id=36a7e8cb-8300-4602-93d2-135943365a6f#MD_DataIdentification","36a7e8cb-8300-4602-93d2-135943365a6f","download"
"5255c080-5f4e-4f7a-8a2c-6ac9d0103288","Emissies naar lucht en water in 2015 vanuit de industrie (WFS)","https:\/\/data.rivm.nl\/geo\/inspire\/wfs?request=GetCapabilities","OGC:WFS","Rijksinstituut voor Volksgezondheid en Milieu","emissieregistratie@rivm.nl,emissieregistratie@rivm.nl","Nederlands metadata profiel op ISO 19119 voor services 2.1.0","https://www.nationaalgeoregister.nl/geonetwork/srv/dut/csw?service=CSW&request=GetRecordById&version=2.0.2&outputSchema=http://www.isotc211.org/2005/gmd&elementSetName=full&id=f8d840bc-18df-4449-b797-b9adcb81d3ec#MD_DataIdentification","f8d840bc-18df-4449-b797-b9adcb81d3ec","download"
"b5ee6914-04bd-4c7e-a180-242371ae40d9","INSPIRE download service RIVM","https://data.rivm.nl/data/inspire/atom/index.xml","#notpresent","Rijksinstituut voor Volksgezondheid en Milieu","geodata@rivm.nl,geodata@rivm.nl","Nederlands metadata profiel op ISO 19119 voor services 2.1.0","["https:\/\/www.nationaalgeoregister.nl:443\/geonetwork\/srv\/dut\/csw?service=CSW&request=GetRecordById&version=2.0.2&outputSchema=http:\/\/www.isotc211.org\/2005\/gmd&elementSetName=full&id=50a2c5e6-c8e7-425d-854e-26f578196bc9#MD_DataIdentification","https:\/\/www.nationaalgeoregister.nl:443\/geonetwork\/srv\/dut\/csw?service=CSW&request=GetRecordById&version=2.0.2&outputSchema=http:\/\/www.isotc211.org\/2005\/gmd&elementSetName=full&id=08b27bf0-e34a-4b30-9eac-5edadfb6a288#MD_DataIdentification","https:\/\/www.nationaalgeoregister.nl:443\/geonetwork\/srv\/dut\/csw?service=CSW&request=GetRecordById&version=2.0.2&outputSchema=http:\/\/www.isotc211.org\/2005\/gmd&elementSetName=full&id=8b0b02a0-1e1b-4cda-bcfe-6fa0f738e38f#MD_DataIdentification","https:\/\/www.nationaalgeoregister.nl:443\/geonetwork\/srv\/dut\/csw?service=CSW&request=GetRecordById&version=2.0.2&outputSchema=http:\/\/www.isotc211.org\/2005\/gmd&elementSetName=full&id=f2f86edf-ac3a-48e8-9292-0544da2d7645#MD_DataIdentification","https:\/\/www.nationaalgeoregister.nl:443\/geonetwork\/srv\/dut\/csw?service=CSW&request=GetRecordById&version=2.0.2&outputSchema=http:\/\/www.isotc211.org\/2005\/gmd&elementSetName=full&id=ad6caa40-89ab-47e3-85ab-3f8e32024a71#MD_DataIdentification","https:\/\/www.nationaalgeoregister.nl:443\/geonetwork\/srv\/dut\/csw?service=CSW&request=GetRecordById&version=2.0.2&outputSchema=http:\/\/www.isotc211.org\/2005\/gmd&elementSetName=full&id=f8d840bc-18df-4449-b797-b9adcb81d3ec#MD_DataIdentification","https:\/\/www.nationaalgeoregister.nl:443\/geonetwork\/srv\/dut\/csw?service=CSW&request=GetRecordById&version=2.0.2&outputSchema=http:\/\/www.isotc211.org\/2005\/gmd&elementSetName=full&id=d3c9efd6-fca7-49d6-92bb-5f507abece90#MD_DataIdentification","https:\/\/www.nationaalgeoregister.nl:443\/geonetwork\/srv\/dut\/csw?service=CSW&request=GetRecordById&version=2.0.2&outputSchema=http:\/\/www.isotc211.org\/2005\/gmd&elementSetName=full&id=32a21114-8694-40ce-ab76-9dcd885c7861#MD_DataIdentification","https:\/\/www.nationaalgeoregister.nl:443\/geonetwork\/srv\/dut\/csw?service=CSW&request=GetRecordById&version=2.0.2&outputSchema=http:\/\/www.isotc211.org\/2005\/gmd&elementSetName=full&id=d24ccb35-e9d2-41bf-b231-43083fc0c76d#MD_DataIdentification","https:\/\/www.nationaalgeoregister.nl:443\/geonetwork\/srv\/dut\/csw?service=CSW&request=GetRecordById&version=2.0.2&outputSchema=http:\/\/www.isotc211.org\/2005\/gmd&elementSetName=full&id=36a7e8cb-8300-4602-93d2-135943365a6f#MD_DataIdentification","https:\/\/www.nationaalgeoregister.nl:443\/geonetwork\/srv\/dut\/csw?service=CSW&request=GetRecordById&version=2.0.2&outputSchema=http:\/\/www.isotc211.org\/2005\/gmd&elementSetName=full&id=b3f66964-a8c1-456f-9799-9cafca2cb7b1#MD_DataIdentification","https:\/\/www.nationaalgeoregister.nl:443\/geonetwork\/srv\/dut\/csw?service=CSW&request=GetRecordById&version=2.0.2&outputSchema=http:\/\/www.isotc211.org\/2005\/gmd&elementSetName=full&id=e1e99000-ec47-4e9f-84a5-adad24fef0dc#MD_DataIdentification","https:\/\/www.nationaalgeoregister.nl:443\/geonetwork\/srv\/dut\/csw?service=CSW&request=GetRecordById&version=2.0.2&outputSchema=http:\/\/www.isotc211.org\/2005\/gmd&elementSetName=full&id=8a4f5c3b-aced-48fd-afb5-f1f1d0ef21d6#MD_DataIdentification","https:\/\/www.nationaalgeoregister.nl:443\/geonetwork\/srv\/dut\/csw?service=CSW&request=GetRecordById&version=2.0.2&outputSchema=http:\/\/www.isotc211.org\/2005\/gmd&elementSetName=full&id=d9baa847-4652-4588-abe1-0b050f40f27f#MD_DataIdentification","https:\/\/www.nationaalgeoregister.nl:443\/geonetwork\/srv\/dut\/csw?service=CSW&request=GetRecordById&version=2.0.2&outputSchema=http:\/\/www.isotc211.org\/2005\/gmd&elementSetName=full&id=2cc2c30c-91b8-412a-a060-e84d25272581#MD_DataIdentification"]","50a2c5e6-c8e7-425d-854e-26f578196bc9 08b27bf0-e34a-4b30-9eac-5edadfb6a288 8b0b02a0-1e1b-4cda-bcfe-6fa0f738e38f f2f86edf-ac3a-48e8-9292-0544da2d7645 ad6caa40-89ab-47e3-85ab-3f8e32024a71 f8d840bc-18df-4449-b797-b9adcb81d3ec d3c9efd6-fca7-49d6-92bb-5f507abece90 32a21114-8694-40ce-ab76-9dcd885c7861 d24ccb35-e9d2-41bf-b231-43083fc0c76d 36a7e8cb-8300-4602-93d2-135943365a6f b3f66964-a8c1-456f-9799-9cafca2cb7b1 e1e99000-ec47-4e9f-84a5-adad24fef0dc 8a4f5c3b-aced-48fd-afb5-f1f1d0ef21d6 d9baa847-4652-4588-abe1-0b050f40f27f 2cc2c30c-91b8-412a-a060-e84d25272581","download"
