"d62bad09-e0b6-4900-b7ed-d6de04e71216","Fijnstof (PM10) Grootschalige concentratiekaarten Nederland (INSPIRE as-is WMS)","https://data.rivm.nl/geo/gcn/wms?request=GetCapabilities","view",""https:\/\/eur-lex.europa.eu\/eli\/reg\/2009\/976";"http:\/\/inspire.ec.europa.eu\/documents\/technical-guidance-implementation-inspire-view-services-1"",""Conform verordening; validatie uitgevoerd met de ETF Validator voor INSPIRE view en downloadservices versie 1.4.1";"Conform verordening; validatie uitgevoerd met de ETF Validator voor INSPIRE view en downloadservices versie 1.4.1"",""true";"true""
"1229f66c-7536-46ee-8bc3-7736f4afcea2","LCP emissies (2019 - heden) (WMS) (INSPIRE)","https://data.rivm.nl/geo/inspire/wms?request=GetCapabilities","view",""https:\/\/eur-lex.europa.eu\/eli\/reg\/2009\/976";"http:\/\/inspire.ec.europa.eu\/documents\/technical-guidance-implementation-inspire-view-services-1"",""Conform verordening; validatie uitgevoerd met de ETF Validator voor INSPIRE view en downloadservices versie 1.4.1";"Conform verordening; validatie uitgevoerd met de ETF Validator voor INSPIRE view en downloadservices versie 1.4.1"",""true";"true""
"ec688e93-d008-410f-98fb-59798d68e16f","Afgevoerde hoeveelheid afval vanuit de industrie (2019 - heden) (WMS) (INSPIRE)","https://data.rivm.nl/geo/inspire/wms?request=GetCapabilities","view",""https:\/\/eur-lex.europa.eu\/eli\/reg\/2009\/976";"http:\/\/inspire.ec.europa.eu\/documents\/technical-guidance-implementation-inspire-view-services-1"",""Conform verordening; validatie uitgevoerd met de ETF Validator voor INSPIRE view en downloadservices versie 1.4.1";"Conform verordening; validatie uitgevoerd met de ETF Validator voor INSPIRE view en downloadservices versie 1.4.1"",""true";"true""
"c7f37b14-b362-4da2-b500-9fa407f9dd85","Kwaliteit van drinkwater in Nederland (2013 - heden) WMS (INSPIRE)","https://data.rivm.nl/geo/inspire/wms/GetCapabilities?request=GetCapabilities","view",""https:\/\/eur-lex.europa.eu\/eli\/reg\/2009\/976";"http:\/\/inspire.ec.europa.eu\/documents\/technical-guidance-implementation-inspire-view-services-1"",""Conform verordening; validatie uitgevoerd met de ETF Validator voor INSPIRE view en downloadservices versie 1.4.1";"Conform verordening; validatie uitgevoerd met de ETF Validator voor INSPIRE view en downloadservices versie 1.4.1"",""true";"true""
"eeb2cd0d-93ed-4e64-8e0d-170136e0f42c","Emissies naar het riool vanuit de industrie (2019 - heden) (WMS) (INSPIRE)","https://data.rivm.nl/geo/inspire/wms?request=GetCapabilities","view",""https:\/\/eur-lex.europa.eu\/eli\/reg\/2009\/976";"http:\/\/inspire.ec.europa.eu\/documents\/technical-guidance-implementation-inspire-view-services-1"",""Conform verordening; validatie uitgevoerd met de ETF Validator voor INSPIRE view en downloadservices versie 1.4.1";"Conform verordening; validatie uitgevoerd met de ETF Validator voor INSPIRE view en downloadservices versie 1.4.1"",""true";"true""
"44ef4cd7-6033-4963-aee8-633329dbca8c","Emissies naar lucht en water vanuit de industrie (2019 - heden) (WMS) (INSPIRE)","https://data.rivm.nl/geo/inspire/wms?request=GetCapabilities","view",""https:\/\/eur-lex.europa.eu\/eli\/reg\/2009\/976";"http:\/\/inspire.ec.europa.eu\/documents\/technical-guidance-implementation-inspire-view-services-1"",""Conform verordening; validatie uitgevoerd met de ETF Validator voor INSPIRE view en downloadservices versie 1.4.1";"Conform verordening; validatie uitgevoerd met de ETF Validator voor INSPIRE view en downloadservices versie 1.4.1"",""true";"true""
"a02c6566-e0ad-4fc1-b217-67cc1099dea2","Emissies naar het riool in 2011 vanuit de industrie (WMS)","https://data.rivm.nl/geo/wms?request=GetCapabilities","view","#notpresent",""VERORDENING (EG) Nr. 976\/2009 VAN DE COMMISSIE van 19 oktober 2009 tot uitvoering van Richtlijn 2007\/2\/EG van het Europees Parlement en de Raad wat betreft de netwerkdiensten";"Conform verordening; validatie uitgevoerd met de ETF Validator voor INSPIRE view en downloadservices versie 1.4.1";"Technical Guidance for the implementation of INSPIRE View Services v3.11";"Conform technische specificatie; Validatie uitgevoerd met de ETF Validator voor INSPIRE view en downloadservices versie 1.4.1"",""false";"false""
"b31a1fb3-3812-45c2-86be-c3db7f6233af","Afgevoerde hoeveelheid afval vanuit de industrie (2019 - heden) (WFS) (INSPIRE)","https://data.rivm.nl/geo/inspire/wfs?request=GetCapabilities","view",""https:\/\/eur-lex.europa.eu\/eli\/reg\/2009\/976";"http:\/\/inspire.ec.europa.eu\/documents\/technical-guidance-implementation-inspire-view-services-1"",""Conform verordening; validatie uitgevoerd met de ETF Validator voor INSPIRE view en downloadservices versie 1.4.1";"Conform verordening; validatie uitgevoerd met de ETF Validator voor INSPIRE view en downloadservices versie 1.4.1"",""true";"true""
"abaa091a-b086-42ac-a003-44bcb5a72e2d","Kwaliteit van drinkwater in Nederland (2013 - heden) WFS (INSPIRE)","https://data.rivm.nl/geo/inspire/wfs/GetCapabilities?request=GetCapabilities","download",""https:\/\/eur-lex.europa.eu\/eli\/reg\/2009\/976";"http:\/\/inspire.ec.europa.eu\/documents\/technical-guidance-implementation-inspire-view-services-1"",""Conform verordening; validatie uitgevoerd met de ETF Validator voor INSPIRE view en downloadservices versie 1.4.1";"Conform verordening; validatie uitgevoerd met de ETF Validator voor INSPIRE view en downloadservices versie 1.4.1"",""true";"true""
"23aa5150-fcc7-46ea-ae63-a7f198d8bc18","Zones en agglomeraties (Richtlijn Luchtkwaliteit) 2013 (WMS)","https://data.rivm.nl/geo/inspire/wms?request=GetCapabilities","view","#notpresent",""VERORDENING (EG) Nr. 976\/2009 VAN DE COMMISSIE van 19 oktober 2009 tot uitvoering van Richtlijn 2007\/2\/EG van het Europees Parlement en de Raad wat betreft de netwerkdiensten";"Conform verordening; validatie uitgevoerd met de ETF Validator voor INSPIRE view en downloadservices versie 1.4.1";"VERORDENING (EU) Nr. 1089\/2010 VAN DE COMMISSIE van 23 november 2010 ter uitvoering van Richtlijn 2007\/2\/EG van het Europees Parlement en de Raad betreffende de interoperabiliteit van verzamelingen ruimtelijke gegevens en van diensten met betrekking tot ruimtelijke gegevens";"Conform verordening; validatie uitgevoerd met de ETF Validator voor INSPIRE view en downloadservices versie 1.4.1";"Technical Guidance for the implementation of INSPIRE View Services v3.11";"Conform technische specificatie; Validatie uitgevoerd met de ETF Validator voor INSPIRE view en downloadservices versie 1.4.1"",""true";"true";"true""
"0944b5f2-0919-42a3-b4a7-9b257e08aac3","Nitraatrichtlijn 2020 - heden LMG (WMS) (INSPIRE)","https://data.rivm.nl/geo/inspire/wms?request=GetCapabilities","view","#notpresent",""VERORDENING (EG) Nr. 976\/2009 VAN DE COMMISSIE van 19 oktober 2009 tot uitvoering van Richtlijn 2007\/2\/EG van het Europees Parlement en de Raad wat betreft de netwerkdiensten";"Conform verordening; validatie uitgevoerd met de ETF Validator voor INSPIRE view en downloadservices versie 1.4.1";"Technical Guidance for the implementation of INSPIRE View Services v3.11";"Conform technische specificatie; Validatie uitgevoerd met de ETF Validator voor INSPIRE view en downloadservices versie 1.4.1";"VERORDENING (EU) Nr. 1089\/2010 VAN DE COMMISSIE van 23 november 2010 ter uitvoering van Richtlijn 2007\/2\/EG van het Europees Parlement en de Raad betreffende de interoperabiliteit van verzamelingen ruimtelijke gegevens en van diensten met betrekking tot ruimtelijke gegevens";"Conform verordening; validatie uitgevoerd met de ETF Validator voor INSPIRE view en downloadservices versie 1.4.1"",""true";"true";"true""
"745968a3-37af-4406-988e-ec595f58c7fe","LCP emissies (Richtlijn Industriële emissies) 2016 (WMS)","https://data.rivm.nl/geo/inspire/wms?request=GetCapabilities","view","#notpresent",""VERORDENING (EG) Nr. 976\/2009 VAN DE COMMISSIE van 19 oktober 2009 tot uitvoering van Richtlijn 2007\/2\/EG van het Europees Parlement en de Raad wat betreft de netwerkdiensten";"Conform verordening; validatie uitgevoerd met de ETF Validator voor INSPIRE view en downloadservices versie 1.4.1";"Technical Guidance for the implementation of INSPIRE View Services v3.11";"Conform technische specificatie; Validatie uitgevoerd met de ETF Validator voor INSPIRE view en downloadservices versie 1.4.1";"VERORDENING (EU) Nr. 1089\/2010 VAN DE COMMISSIE van 23 november 2010 ter uitvoering van Richtlijn 2007\/2\/EG van het Europees Parlement en de Raad betreffende de interoperabiliteit van verzamelingen ruimtelijke gegevens en van diensten met betrekking tot ruimtelijke gegevens";"Conform verordening; validatie uitgevoerd met de ETF Validator voor INSPIRE view en downloadservices versie 1.4.1"",""true";"true";"true""
"b3995d1f-d930-4e06-865f-1ebea68226a0","Emissies naar lucht en water vanuit de industrie (2019 - heden) (WFS) (INSPIRE)","https://data.rivm.nl/geo/inspire/wfs?request=GetCapabilities","view",""https:\/\/eur-lex.europa.eu\/eli\/reg\/2009\/976";"http:\/\/inspire.ec.europa.eu\/documents\/technical-guidance-implementation-inspire-view-services-1"",""Conform verordening; validatie uitgevoerd met de ETF Validator voor INSPIRE view en downloadservices versie 1.4.1";"Conform verordening; validatie uitgevoerd met de ETF Validator voor INSPIRE view en downloadservices versie 1.4.1"",""true";"true""
"bd14098b-44e6-47e5-959d-f40dda65da5a","Ziekenhuizen in Nederland (september 2013) (WMS)","https://data.rivm.nl/geo/inspire/wms?request=GetCapabilities","view","#notpresent",""VERORDENING (EG) Nr. 976\/2009 VAN DE COMMISSIE van 19 oktober 2009 tot uitvoering van Richtlijn 2007\/2\/EG van het Europees Parlement en de Raad wat betreft de netwerkdiensten";"Conform verordening; validatie uitgevoerd met de ETF Validator voor INSPIRE view en downloadservices versie 1.4.1";"Technical Guidance for the implementation of INSPIRE View Services v3.11";"Conform technische specificatie; Validatie uitgevoerd met de ETF Validator voor INSPIRE view en downloadservices versie 1.4.1"",""false";"false""
"cd370f58-0e54-48d6-b83b-ccd332bfb7c7","Emissies naar lucht en water in 2011 vanuit de industrie (WMS)","https://data.rivm.nl/geo/wms?request=GetCapabilities","view","#notpresent",""VERORDENING (EG) Nr. 976\/2009 VAN DE COMMISSIE van 19 oktober 2009 tot uitvoering van Richtlijn 2007\/2\/EG van het Europees Parlement en de Raad wat betreft de netwerkdiensten";"Conform verordening; validatie uitgevoerd met de ETF Validator voor INSPIRE view en downloadservices versie 1.4.1";"Technical Guidance for the implementation of INSPIRE View Services v3.11";"Conform technische specificatie; Validatie uitgevoerd met de ETF Validator voor INSPIRE view en downloadservices versie 1.4.1"",""false";"false""
"95e2c712-1b91-4f24-9453-c56b95227717","Emissies naar het riool in 2015 vanuit de industrie (WMS)","https://data.rivm.nl/geo/wms?request=GetCapabilities","view","#notpresent",""VERORDENING (EG) Nr. 976\/2009 VAN DE COMMISSIE van 19 oktober 2009 tot uitvoering van Richtlijn 2007\/2\/EG van het Europees Parlement en de Raad wat betreft de netwerkdiensten";"Conform verordening; validatie uitgevoerd met de ETF Validator voor INSPIRE view en downloadservices versie 1.4.1";"VERORDENING (EU) Nr. 1089\/2010 VAN DE COMMISSIE van 23 november 2010 ter uitvoering van Richtlijn 2007\/2\/EG van het Europees Parlement en de Raad betreffende de interoperabiliteit van verzamelingen ruimtelijke gegevens en van diensten met betrekking tot ruimtelijke gegevens";"Conform verordening; validatie uitgevoerd met de ETF Validator voor INSPIRE view en downloadservices versie 1.4.1";"Technical Guidance for the implementation of INSPIRE View Services v3.11";"Conform technische specificatie; Validatie uitgevoerd met de ETF Validator voor INSPIRE view en downloadservices versie 1.4.1"",""true";"true";"true""
"c5f61276-efe7-4b26-a08c-3f6f160d4462","Nitraatrichtlijn 2020 - heden LMG (WFS) (INSPIRE)","https://data.rivm.nl/geo/inspire/wfs?request=GetCapabilities","download","#notpresent",""VERORDENING (EU) Nr. 1089\/2010 VAN DE COMMISSIE van 23 november 2010 ter uitvoering van Richtlijn 2007\/2\/EG van het Europees Parlement en de Raad betreffende de interoperabiliteit van verzamelingen ruimtelijke gegevens en van diensten met betrekking tot ruimtelijke gegevens";"Conform verordening; validatie uitgevoerd met de ETF Validator voor INSPIRE view en downloadservices versie 1.4.1";"VERORDENING (EG) Nr. 976\/2009 VAN DE COMMISSIE van 19 oktober 2009 tot uitvoering van Richtlijn 2007\/2\/EG van het Europees Parlement en de Raad wat betreft de netwerkdiensten";"Conform verordening; validatie uitgevoerd met de ETF Validator voor INSPIRE view en downloadservices versie 1.4.1";"Technical Guidance for the implementation of INSPIRE Download Services 3.11";"Conform technische specificatie; Validatie uitgevoerd met de ETF Validator voor INSPIRE view en downloadservices versie 1.4.1"",""true";"true";"true""
"283d0a60-4b62-441d-9b17-26e6f85ef756","Emissies naar het riool vanuit de industrie (2019 - heden) (WFS) (INSPIRE)","https://data.rivm.nl/geo/inspire/wfs?request=GetCapabilities","view",""https:\/\/eur-lex.europa.eu\/eli\/reg\/2009\/976";"http:\/\/inspire.ec.europa.eu\/documents\/technical-guidance-implementation-inspire-view-services-1"",""Conform verordening; validatie uitgevoerd met de ETF Validator voor INSPIRE view en downloadservices versie 1.4.1";"Conform verordening; validatie uitgevoerd met de ETF Validator voor INSPIRE view en downloadservices versie 1.4.1"",""true";"true""
"0426f471-f325-42ed-a775-81c397592e86","Omgevingsdosisequivalenttempo Nationaal Meetnet Radioactiviteit 2011 (WMS)","https://data.rivm.nl/geo/inspire/wms?request=GetCapabilities","view","#notpresent",""VERORDENING (EG) Nr. 976\/2009 VAN DE COMMISSIE van 19 oktober 2009 tot uitvoering van Richtlijn 2007\/2\/EG van het Europees Parlement en de Raad wat betreft de netwerkdiensten";"Conform verordening; validatie uitgevoerd met de ETF Validator voor INSPIRE view en downloadservices versie 1.4.1";"Technical Guidance for the implementation of INSPIRE View Services v3.11";"Conform technische specificatie; Validatie uitgevoerd met de ETF Validator voor INSPIRE view en downloadservices versie 1.4.1"",""false";"false""
"b644bb31-fb06-44e0-ad38-8eaeee25b55d","LCP emissies (2019 - heden) (WFS) (INSPIRE)","https://data.rivm.nl/geo/inspire/wfs?request=GetCapabilities","view",""https:\/\/eur-lex.europa.eu\/eli\/reg\/2009\/976";"http:\/\/inspire.ec.europa.eu\/documents\/technical-guidance-implementation-inspire-view-services-1"",""Conform verordening; validatie uitgevoerd met de ETF Validator voor INSPIRE view en downloadservices versie 1.4.1";"Conform verordening; validatie uitgevoerd met de ETF Validator voor INSPIRE view en downloadservices versie 1.4.1"",""true";"true""
"f0eb64f9-8888-42e1-9550-bf91c32da4bc","Natuurlijke alfa activiteitsconcentratie in lucht Nationaal Meetnet Radioactiviteit 2011 (WMS)","https://data.rivm.nl/geo/inspire/wms?request=GetCapabilities","view","#notpresent",""VERORDENING (EG) Nr. 976\/2009 VAN DE COMMISSIE van 19 oktober 2009 tot uitvoering van Richtlijn 2007\/2\/EG van het Europees Parlement en de Raad wat betreft de netwerkdiensten";"Conform verordening; validatie uitgevoerd met de ETF Validator voor INSPIRE view en downloadservices versie 1.4.1";"Technical Guidance for the implementation of INSPIRE View Services v3.11";"Conform technische specificatie; Validatie uitgevoerd met de ETF Validator voor INSPIRE view en downloadservices versie 1.4.1"",""false";"false""
"c56433ca-35f2-4aaf-8bfa-35d8e0e52dda","Afgevoerde hoeveelheid afval in 2015 vanuit de industrie (WMS)","https://data.rivm.nl/geo/wms?request=GetCapabilities","view","#notpresent",""VERORDENING (EG) Nr. 976\/2009 VAN DE COMMISSIE van 19 oktober 2009 tot uitvoering van Richtlijn 2007\/2\/EG van het Europees Parlement en de Raad wat betreft de netwerkdiensten";"Conform verordening; validatie uitgevoerd met de ETF Validator voor INSPIRE view en downloadservices versie 1.4.1";"Technical Guidance for the implementation of INSPIRE View Services v3.11";"Conform technische specificatie; Validatie uitgevoerd met de ETF Validator voor INSPIRE view en downloadservices versie 1.4.1"",""true";"true""
"777f41ee-8269-4bbc-b0e4-f889c62be099","Afgevoerde hoeveelheid afval in 2011 vanuit de industrie (WMS)","https://data.rivm.nl/geo/wms?request=GetCapabilities","view","#notpresent",""VERORDENING (EG) Nr. 976\/2009 VAN DE COMMISSIE van 19 oktober 2009 tot uitvoering van Richtlijn 2007\/2\/EG van het Europees Parlement en de Raad wat betreft de netwerkdiensten";"Conform verordening; validatie uitgevoerd met de ETF Validator voor INSPIRE view en downloadservices versie 1.4.1";"Technical Guidance for the implementation of INSPIRE View Services v3.11";"Conform technische specificatie; Validatie uitgevoerd met de ETF Validator voor INSPIRE view en downloadservices versie 1.4.1"",""false";"false""
"081bcfff-5f66-467c-95d0-d88dcf9aa4cf","Monitoring stations (Nitraatrichtlijn) ondiepe filters (WMS)","https://data.rivm.nl/geo/inspire/wms?request=GetCapabilities","view","#notpresent",""VERORDENING (EG) Nr. 976\/2009 VAN DE COMMISSIE van 19 oktober 2009 tot uitvoering van Richtlijn 2007\/2\/EG van het Europees Parlement en de Raad wat betreft de netwerkdiensten";"Conform verordening; validatie uitgevoerd met de ETF Validator voor INSPIRE view en downloadservices versie 1.4.1";"Technical Guidance for the implementation of INSPIRE View Services v3.11";"Conform technische specificatie; Validatie uitgevoerd met de ETF Validator voor INSPIRE view en downloadservices versie 1.4.1";"VERORDENING (EU) Nr. 1089\/2010 VAN DE COMMISSIE van 23 november 2010 ter uitvoering van Richtlijn 2007\/2\/EG van het Europees Parlement en de Raad betreffende de interoperabiliteit van verzamelingen ruimtelijke gegevens en van diensten met betrekking tot ruimtelijke gegevens";"Conform verordening; validatie uitgevoerd met de ETF Validator voor INSPIRE view en downloadservices versie 1.4.1"",""true";"true";"true""
"d0e5dcae-67ac-4bf7-b05b-32fd6972353f","Fijnstof (PM10) Grootschalige concentratiekaarten Nederland (INSPIRE as-is WCS)","https://data.rivm.nl/geo/gcn/wcs?request=GetCapabilities","view",""https:\/\/eur-lex.europa.eu\/eli\/reg\/2009\/976";"http:\/\/inspire.ec.europa.eu\/documents\/technical-guidance-implementation-inspire-view-services-1"",""Conform verordening; validatie uitgevoerd met de ETF Validator voor INSPIRE view en downloadservices versie 1.4.1";"Conform verordening; validatie uitgevoerd met de ETF Validator voor INSPIRE view en downloadservices versie 1.4.1"",""true";"true""
"f39d198a-1e69-43cc-b359-cc60a8c22d28","Meetwaarden van Luchtkwaliteitsstations in Nederland","https://inspire.rivm.nl/sos/eaq/service?service=AQD&version=1.0.0&request=GetCapabilities","download","#notpresent",""VERORDENING (EG) Nr. 976\/2009 VAN DE COMMISSIE van 19 oktober 2009 tot uitvoering van Richtlijn 2007\/2\/EG van het Europees Parlement en de Raad wat betreft de netwerkdiensten";"Voldoet aan de download specificaties.";"OGC Sensor Observation Service Interface Standard";"Conform OGC SOS specificaties.";"VERORDENING (EU) Nr. 1089\/2010 VAN DE COMMISSIE van 23 november 2010 ter uitvoering van Richtlijn 2007\/2\/EG van het Europees Parlement en de Raad betreffende de interoperabiliteit van verzamelingen ruimtelijke gegevens en van diensten met betrekking tot ruimtelijke gegevens";"Voldoet aan de SDS interoperabilities specificaties."",""true";"true";"true""
"755d488b-7b94-4883-95be-6aa279604f85","Monitoring stations (Nitraatrichtlijn) diepe filters (WMS)","https://data.rivm.nl/geo/inspire/wms?request=GetCapabilities","view","#notpresent",""VERORDENING (EG) Nr. 976\/2009 VAN DE COMMISSIE van 19 oktober 2009 tot uitvoering van Richtlijn 2007\/2\/EG van het Europees Parlement en de Raad wat betreft de netwerkdiensten";"Conform verordening; validatie uitgevoerd met de ETF Validator voor INSPIRE view en downloadservices versie 1.4.1";"Technical Guidance for the implementation of INSPIRE View Services v3.11";"Conform technische specificatie; Validatie uitgevoerd met de ETF Validator voor INSPIRE view en downloadservices versie 1.4.1";"VERORDENING (EU) Nr. 1089\/2010 VAN DE COMMISSIE van 23 november 2010 ter uitvoering van Richtlijn 2007\/2\/EG van het Europees Parlement en de Raad betreffende de interoperabiliteit van verzamelingen ruimtelijke gegevens en van diensten met betrekking tot ruimtelijke gegevens";"Conform verordening; validatie uitgevoerd met de ETF Validator voor INSPIRE view en downloadservices versie 1.4.1"",""true";"true";"true""
"a6098c24-4caf-4528-954c-672b9ec6cf78","Kwaliteit van drinkwater in Nederland (2012) (WMS)","https://data.rivm.nl/geo/inspire/wms?request=GetCapabilities","view","#notpresent",""VERORDENING (EG) Nr. 976\/2009 VAN DE COMMISSIE van 19 oktober 2009 tot uitvoering van Richtlijn 2007\/2\/EG van het Europees Parlement en de Raad wat betreft de netwerkdiensten";"Conform verordening; validatie uitgevoerd met de ETF Validator voor INSPIRE view en downloadservices versie 1.4.1";"Technical Guidance for the implementation of INSPIRE View Services v3.11";"Conform technische specificatie; Validatie uitgevoerd met de ETF Validator voor INSPIRE view en downloadservices versie 1.4.1"",""false";"false""
"7dc30aed-0940-4e69-b34c-9f24b34078eb","Emissies naar lucht en water in 2015 vanuit de industrie (WMS)","https://data.rivm.nl/geo/wms?request=GetCapabilities","view","#notpresent",""VERORDENING (EG) Nr. 976\/2009 VAN DE COMMISSIE van 19 oktober 2009 tot uitvoering van Richtlijn 2007\/2\/EG van het Europees Parlement en de Raad wat betreft de netwerkdiensten";"Conform verordening; validatie uitgevoerd met de ETF Validator voor INSPIRE view en downloadservices versie 1.4.1";"VERORDENING (EU) Nr. 1089\/2010 VAN DE COMMISSIE van 23 november 2010 ter uitvoering van Richtlijn 2007\/2\/EG van het Europees Parlement en de Raad betreffende de interoperabiliteit van verzamelingen ruimtelijke gegevens en van diensten met betrekking tot ruimtelijke gegevens";"Conform verordening; validatie uitgevoerd met de ETF Validator voor INSPIRE view en downloadservices versie 1.4.1";"Technical Guidance for the implementation of INSPIRE View Services v3.11";"Conform technische specificatie; Validatie uitgevoerd met de ETF Validator voor INSPIRE view en downloadservices versie 1.4.1"",""true";"true";"true""
"b4485d59-a945-4940-a2f5-3ce7de6a947b","Monitoring stations (Nitraatrichtlijn) ondiepe filters (WFS)","https:\/\/data.rivm.nl\/geo\/wfs?request=GetCapabilities","download","#notpresent",""VERORDENING (EU) Nr. 1089\/2010 VAN DE COMMISSIE van 23 november 2010 ter uitvoering van Richtlijn 2007\/2\/EG van het Europees Parlement en de Raad betreffende de interoperabiliteit van verzamelingen ruimtelijke gegevens en van diensten met betrekking tot ruimtelijke gegevens";"Conform verordening; validatie uitgevoerd met de ETF Validator voor INSPIRE view en downloadservices versie 1.4.1";"VERORDENING (EG) Nr. 976\/2009 VAN DE COMMISSIE van 19 oktober 2009 tot uitvoering van Richtlijn 2007\/2\/EG van het Europees Parlement en de Raad wat betreft de netwerkdiensten";"Conform verordening; validatie uitgevoerd met de ETF Validator voor INSPIRE view en downloadservices versie 1.4.1";"Technical Guidance for the implementation of INSPIRE Download Services 3.11";"Conform technische specificatie; Validatie uitgevoerd met de ETF Validator voor INSPIRE view en downloadservices versie 1.4.1"",""true";"true";"true""
"03c39474-aef9-4169-95da-9890af440b14","Afgevoerde hoeveelheid afval in 2015 vanuit de industrie (WFS)","https:\/\/data.rivm.nl\/geo\/inspire\/wfs?request=GetCapabilities","download","#notpresent",""VERORDENING (EU) Nr. 1089\/2010 VAN DE COMMISSIE van 23 november 2010 ter uitvoering van Richtlijn 2007\/2\/EG van het Europees Parlement en de Raad betreffende de interoperabiliteit van verzamelingen ruimtelijke gegevens en van diensten met betrekking tot ruimtelijke gegevens";"Conform verordening; validatie uitgevoerd met de ETF Validator voor INSPIRE view en downloadservices versie 1.4.1";"Technical Guidance for the implementation of INSPIRE Download Services 3.11";"Conform technische specificatie; Validatie uitgevoerd met de ETF Validator voor INSPIRE view en downloadservices versie 1.4.1"",""true";"true""
"fbe544b6-6e6f-43a0-80b9-ced1df78c434","Emissies naar lucht en water in 2011 vanuit de industrie (WFS)","https:\/\/data.rivm.nl\/geo\/inspire\/wfs?request=GetCapabilities","download","#notpresent",""VERORDENING (EG) Nr. 976\/2009 VAN DE COMMISSIE van 19 oktober 2009 tot uitvoering van Richtlijn 2007\/2\/EG van het Europees Parlement en de Raad wat betreft de netwerkdiensten";"Conform verordening; validatie uitgevoerd met de ETF Validator voor INSPIRE view en downloadservices versie 1.4.1";"Technical Guidance for the implementation of INSPIRE Download Services 3.11";"Conform technische specificatie; Validatie uitgevoerd met de ETF Validator voor INSPIRE view en downloadservices versie 1.4.1"",""false";"false""
"01572637-b851-4cc3-b06a-56c1ae1115cc","Ziekenhuizen in Nederland (september 2013) (WFS)","https:\/\/data.rivm.nl\/geo\/wfs?request=GetCapabilities","download","#notpresent",""VERORDENING (EG) Nr. 976\/2009 VAN DE COMMISSIE van 19 oktober 2009 tot uitvoering van Richtlijn 2007\/2\/EG van het Europees Parlement en de Raad wat betreft de netwerkdiensten";"Conform verordening; validatie uitgevoerd met de ETF Validator voor INSPIRE view en downloadservices versie 1.4.1";"Technical Guidance for the implementation of INSPIRE Download Services 3.11";"Conform technische specificatie; Validatie uitgevoerd met de ETF Validator voor INSPIRE view en downloadservices versie 1.4.1"",""false";"false""
"9fd2324b-9e02-4eab-bd4a-8e2be4fcd545","Zones en agglomeraties (Richtlijn Luchtkwaliteit) 2013 (WFS)","https:\/\/data.rivm.nl\/geo\/wfs?request=GetCapabilities","download","#notpresent",""VERORDENING (EU) Nr. 1089\/2010 VAN DE COMMISSIE van 23 november 2010 ter uitvoering van Richtlijn 2007\/2\/EG van het Europees Parlement en de Raad betreffende de interoperabiliteit van verzamelingen ruimtelijke gegevens en van diensten met betrekking tot ruimtelijke gegevens";"Conform verordening; validatie uitgevoerd met de ETF Validator voor INSPIRE view en downloadservices versie 1.4.1";"VERORDENING (EG) Nr. 976\/2009 VAN DE COMMISSIE van 19 oktober 2009 tot uitvoering van Richtlijn 2007\/2\/EG van het Europees Parlement en de Raad wat betreft de netwerkdiensten";"Conform verordening; validatie uitgevoerd met de ETF Validator voor INSPIRE view en downloadservices versie 1.4.1";"Technical Guidance for the implementation of INSPIRE Download Services 3.11";"Conform technische specificatie; Validatie uitgevoerd met de ETF Validator voor INSPIRE view en downloadservices versie 1.4.1"",""true";"true";"true""
"b5ee6914-04bd-4c7e-a180-242371ae40d9","INSPIRE download service RIVM","https://data.rivm.nl/data/inspire/atom/index.xml","download","#notpresent",""Technical Guidance for the implementation of INSPIRE Download Services 3.0";"notEvaluated";"VERORDENING (EG) Nr. 976\/2009 VAN DE COMMISSIE van 19 oktober 2009 tot uitvoering van Richtlijn 2007\/2\/EG van het Europees Parlement en de Raad wat betreft de netwerkdiensten";"Conform verordening; validatie uitgevoerd met de ETF Validator voor INSPIRE view en downloadservices versie 1.4.1";"Technical Guidance for the implementation of INSPIRE Download Services v3.11";"Conform technische specificatie; Validatie uitgevoerd met de ETF Validator voor INSPIRE view en downloadservices versie 1.4.1"",""false";"true";"true""
"46873d16-6835-48c4-b47f-134ab0cb31fa","Afgevoerde hoeveelheid afval in 2011 vanuit de industrie (WFS)","https:\/\/data.rivm.nl\/geo\/wfs?request=GetCapabilities","download","#notpresent",""VERORDENING (EG) Nr. 976\/2009 VAN DE COMMISSIE van 19 oktober 2009 tot uitvoering van Richtlijn 2007\/2\/EG van het Europees Parlement en de Raad wat betreft de netwerkdiensten";"Conform verordening; validatie uitgevoerd met de ETF Validator voor INSPIRE view en downloadservices versie 1.4.1";"Technical Guidance for the implementation of INSPIRE Download Services 3.11";"Conform technische specificatie; Validatie uitgevoerd met de ETF Validator voor INSPIRE view en downloadservices versie 1.4.1"",""false";"false""
"5d3fc8f8-5cb4-42e2-8f9b-62c147f36cc5","Natuurlijke alfa activiteitsconcentratie in lucht Nationaal Meetnet Radioactiviteit 2011 (WFS)","https:\/\/data.rivm.nl\/geo\/wfs?request=GetCapabilities","download","#notpresent",""VERORDENING (EG) Nr. 976\/2009 VAN DE COMMISSIE van 19 oktober 2009 tot uitvoering van Richtlijn 2007\/2\/EG van het Europees Parlement en de Raad wat betreft de netwerkdiensten";"Conform verordening; validatie uitgevoerd met de ETF Validator voor INSPIRE view en downloadservices versie 1.4.1";"Technical Guidance for the implementation of INSPIRE Download Services 3.11";"Conform technische specificatie; Validatie uitgevoerd met de ETF Validator voor INSPIRE view en downloadservices versie 1.4.1"",""false";"false""
"a931e334-b752-4935-8a98-00eddc443789","Omgevingsdosisequivalenttempo Nationaal Meetnet Radioactiviteit 2011 (WFS)","https:\/\/data.rivm.nl\/geo\/wfs?request=GetCapabilities","download","#notpresent",""VERORDENING (EG) Nr. 976\/2009 VAN DE COMMISSIE van 19 oktober 2009 tot uitvoering van Richtlijn 2007\/2\/EG van het Europees Parlement en de Raad wat betreft de netwerkdiensten";"Conform verordening; validatie uitgevoerd met de ETF Validator voor INSPIRE view en downloadservices versie 1.4.1";"Technical Guidance for the implementation of INSPIRE Download Services 3.11";"Conform technische specificatie; Validatie uitgevoerd met de ETF Validator voor INSPIRE view en downloadservices versie 1.4.1"",""false";"false""
"0606e8cb-fa51-402c-a3be-19fd724b0a10","Emissies naar het riool in 2015 vanuit de industrie (WFS)","https:\/\/data.rivm.nl\/geo\/inspire\/wfs?request=GetCapabilities","download","#notpresent",""VERORDENING (EG) Nr. 976\/2009 VAN DE COMMISSIE van 19 oktober 2009 tot uitvoering van Richtlijn 2007\/2\/EG van het Europees Parlement en de Raad wat betreft de netwerkdiensten";"Conform verordening; validatie uitgevoerd met de ETF Validator voor INSPIRE view en downloadservices versie 1.4.1";"Technical Guidance for the implementation of INSPIRE Download Services 3.11";"Conform technische specificatie; Validatie uitgevoerd met de ETF Validator voor INSPIRE view en downloadservices versie 1.4.1"",""true";"true""
"37308f90-e619-4b62-ae9e-e656bb3f1649","Emissies naar het riool in 2011 vanuit de industrie (WFS)","https:\/\/data.rivm.nl\/geo\/inspire\/wfs?request=GetCapabilities","download","#notpresent",""VERORDENING (EG) Nr. 976\/2009 VAN DE COMMISSIE van 19 oktober 2009 tot uitvoering van Richtlijn 2007\/2\/EG van het Europees Parlement en de Raad wat betreft de netwerkdiensten";"Conform verordening; validatie uitgevoerd met de ETF Validator voor INSPIRE view en downloadservices versie 1.4.1";"Technical Guidance for the implementation of INSPIRE Download Services 3.11";"Conform technische specificatie; Validatie uitgevoerd met de ETF Validator voor INSPIRE view en downloadservices versie 1.4.1"",""false";"false""
"72f30ca1-3b80-4020-b9ed-301b1a88df39","Jaarcijfers Landelijk Meetnet Luchtkwaliteit 2012 (WFS)","https:\/\/data.rivm.nl\/geo\/inspire\/wfs?request=GetCapabilities","download","#notpresent",""Technical Guidance for the implementation of INSPIRE Download Services 3.11";"Conform technische specificatie; Validatie uitgevoerd met de ETF Validator voor INSPIRE view en downloadservices versie 1.4.1";"VERORDENING (EG) Nr. 976\/2009 VAN DE COMMISSIE van 19 oktober 2009 tot uitvoering van Richtlijn 2007\/2\/EG van het Europees Parlement en de Raad wat betreft de netwerkdiensten";"Conform verordening; validatie uitgevoerd met de ETF Validator voor INSPIRE view en downloadservices versie 1.4.1"",""false";"false""
"ff8f6da2-949e-4838-90f6-fd895a4a240f","LCP emissies (Richtlijn Industriële emissies) 2016 (WFS)","https:\/\/data.rivm.nl\/geo\/wfs?request=GetCapabilities","download","#notpresent",""VERORDENING (EU) Nr. 1089\/2010 VAN DE COMMISSIE van 23 november 2010 ter uitvoering van Richtlijn 2007\/2\/EG van het Europees Parlement en de Raad betreffende de interoperabiliteit van verzamelingen ruimtelijke gegevens en van diensten met betrekking tot ruimtelijke gegevens";"Conform verordening; validatie uitgevoerd met de ETF Validator voor INSPIRE view en downloadservices versie 1.4.1";"VERORDENING (EG) Nr. 976\/2009 VAN DE COMMISSIE van 19 oktober 2009 tot uitvoering van Richtlijn 2007\/2\/EG van het Europees Parlement en de Raad wat betreft de netwerkdiensten";"Conform verordening; validatie uitgevoerd met de ETF Validator voor INSPIRE view en downloadservices versie 1.4.1";"Technical Guidance for the implementation of INSPIRE Download Services 3.11";"Conform technische specificatie; Validatie uitgevoerd met de ETF Validator voor INSPIRE view en downloadservices versie 1.4.1"",""true";"true";"true""
"f59357eb-185f-42a5-b465-90bfa6e3e416","Kwaliteit van drinkwater in Nederland (2012) (WFS)","https:\/\/data.rivm.nl\/geo\/wfs?request=GetCapabilities","download","#notpresent",""VERORDENING (EG) Nr. 976\/2009 VAN DE COMMISSIE van 19 oktober 2009 tot uitvoering van Richtlijn 2007\/2\/EG van het Europees Parlement en de Raad wat betreft de netwerkdiensten";"Conform verordening; validatie uitgevoerd met de ETF Validator voor INSPIRE view en downloadservices versie 1.4.1";"Technical Guidance for the implementation of INSPIRE Download Services 3.11";"Conform technische specificatie; Validatie uitgevoerd met de ETF Validator voor INSPIRE view en downloadservices versie 1.4.1"",""false";"false""
"224d93f6-0e4e-41fe-8424-1ab11a6c55ed","Monitoring stations (Nitraatrichtlijn) diepe filters (WFS)","https:\/\/data.rivm.nl\/geo\/wfs?request=GetCapabilities","download","#notpresent",""VERORDENING (EU) Nr. 1089\/2010 VAN DE COMMISSIE van 23 november 2010 ter uitvoering van Richtlijn 2007\/2\/EG van het Europees Parlement en de Raad betreffende de interoperabiliteit van verzamelingen ruimtelijke gegevens en van diensten met betrekking tot ruimtelijke gegevens";"Conform verordening; validatie uitgevoerd met de ETF Validator voor INSPIRE view en downloadservices versie 1.4.1";"VERORDENING (EG) Nr. 976\/2009 VAN DE COMMISSIE van 19 oktober 2009 tot uitvoering van Richtlijn 2007\/2\/EG van het Europees Parlement en de Raad wat betreft de netwerkdiensten";"Conform verordening; validatie uitgevoerd met de ETF Validator voor INSPIRE view en downloadservices versie 1.4.1";"Technical Guidance for the implementation of INSPIRE Download Services 3.11";"Conform technische specificatie; Validatie uitgevoerd met de ETF Validator voor INSPIRE view en downloadservices versie 1.4.1"",""true";"true";"true""
"5255c080-5f4e-4f7a-8a2c-6ac9d0103288","Emissies naar lucht en water in 2015 vanuit de industrie (WFS)","https:\/\/data.rivm.nl\/geo\/inspire\/wfs?request=GetCapabilities","download","#notpresent",""VERORDENING (EU) Nr. 1089\/2010 VAN DE COMMISSIE van 23 november 2010 ter uitvoering van Richtlijn 2007\/2\/EG van het Europees Parlement en de Raad betreffende de interoperabiliteit van verzamelingen ruimtelijke gegevens en van diensten met betrekking tot ruimtelijke gegevens";"Conform verordening; validatie uitgevoerd met de ETF Validator voor INSPIRE view en downloadservices versie 1.4.1";"VERORDENING (EG) Nr. 976\/2009 VAN DE COMMISSIE van 19 oktober 2009 tot uitvoering van Richtlijn 2007\/2\/EG van het Europees Parlement en de Raad wat betreft de netwerkdiensten";"Conform verordening; validatie uitgevoerd met de ETF Validator voor INSPIRE view en downloadservices versie 1.4.1"",""true";"true""
"f61eec5c-cb91-40b6-ad35-9bca967006cc","Jaarcijfers Landelijk Meetnet Luchtkwaliteit 2012 (WMS)","https://data.rivm.nl/geo/inspire/wms?request=GetCapabilities","view","#notpresent",""VERORDENING (EG) Nr. 976\/2009 VAN DE COMMISSIE van 19 oktober 2009 tot uitvoering van Richtlijn 2007\/2\/EG van het Europees Parlement en de Raad wat betreft de netwerkdiensten";"Conform verordening; validatie uitgevoerd met de ETF Validator voor INSPIRE view en downloadservices versie 1.4.1";"Technical Guidance for the implementation of INSPIRE View Services v3.11";"Conform technische specificatie; Validatie uitgevoerd met de ETF Validator voor INSPIRE view en downloadservices versie 1.4.1"",""false";"false""
