"6d2fce74-fb25-4322-ab25-1be8a3bc7fd0","Bathymetrie Nederlands deel van de Noordzee dieper dan 10 m LAT -Downloadservice","https://inspire.bathy.online/geoserver/bathy/wcs?request=GetCapabilities&service=WCS&version=2.0.1","download","#notpresent",""VERORDENING (EG) Nr. 976\/2009 VAN DE COMMISSIE van 19 oktober 2009 tot uitvoering van Richtlijn 2007\/2\/EG van het Europees Parlement en de Raad wat betreft de netwerkdiensten";"";"Webservice is conform";"Technical Guidance for the implementation of INSPIRE Download Services 2.0";"Webservice is conform"",""true";"true""
"17ad94f6-4961-448b-a6f5-5368b7870409","Bathymetrie Nederlands deel van de Noordzee dieper dan 10 m LAT -Viewservice","https://inspire.bathy.online/geoserver/bathy/wms?request=GetCapabilities&service=WMS&version=1.3.0","view","#notpresent",""VERORDENING (EG) Nr. 976\/2009 VAN DE COMMISSIE van 19 oktober 2009 tot uitvoering van Richtlijn 2007\/2\/EG van het Europees Parlement en de Raad wat betreft de netwerkdiensten";"";"Webservice is conform";"Technical Guidance for the implementation of INSPIRE View Services v3.0";"Webservice is conform"",""true";"true""
"91041d33-54f8-40f1-8965-a867ba00cab8","Geografische Namen (Nat) - Nederland - Downloadservice","https://inspire1.bathy.online/geoserver/gn/ows?service=WFS&version=2.0.0&request=GetCapabilities","download","#notpresent",""VERORDENING (EG) Nr. 976\/2009 VAN DE COMMISSIE van 19 oktober 2009 tot uitvoering van Richtlijn 2007\/2\/EG van het Europees Parlement en de Raad wat betreft de netwerkdiensten";"";"Webservice is conform";"Technical Guidance for the implementation of INSPIRE Download Services v3.0";"Webservice is conform"",""true";"true""
"ca71572f-a498-4ca6-aa60-d4c4c4d59e2e","Geografische Namen (Nat) - Nederland - Viewservice","https://inspire1.bathy.online/geoserver/gnwms/wms?service=WMS&version=1.3.0&request=GetCapabilities","view","#notpresent",""VERORDENING (EG) Nr. 976\/2009 VAN DE COMMISSIE van 19 oktober 2009 tot uitvoering van Richtlijn 2007\/2\/EG van het Europees Parlement en de Raad wat betreft de netwerkdiensten";"";"Webservice is conform";"Technical Guidance for the implementation of INSPIRE View Services v3.0";"Webservice is conform"",""true";"true""
"9a18ecc7-fb59-4ccc-9642-b54ce2a73d36","Amplitude van het getij op de Noordzee Downloadservice - NAP boven ETRS89","https://inspire.bathy.online/geoserver/NAP_ETRS89/wfs?service=WFS&version=2.0.0&request=GetCapabilities","view","#notpresent",""VERORDENING (EG) Nr. 976\/2009 VAN DE COMMISSIE van 19 oktober 2009 tot uitvoering van Richtlijn 2007\/2\/EG van het Europees Parlement en de Raad wat betreft de netwerkdiensten";"";"Webservice is conform";"Technical Guidance for the implementation of INSPIRE View Services v3.0";"Webservice is conform"",""true";"true""
"2d1860f2-f8ba-457e-bd64-93cdabd69aee","Aansluitende Zone volgens UNCLOS - Noordzee - Viewservice","https:\/\/inspire1.bathy.online\/geoserver\/cz\/wms?service=WMS&version=1.3.0&request=GetCapabilities","view","#notpresent",""VERORDENING (EG) Nr. 976\/2009 VAN DE COMMISSIE van 19 oktober 2009 tot uitvoering van Richtlijn 2007\/2\/EG van het Europees Parlement en de Raad wat betreft de netwerkdiensten";"";"Webservice is conform";"Technical Guidance for the implementation of INSPIRE View Services v3.0";"Webservice is conform"",""true";"true""
"c7dad4b9-42a8-452f-a33b-d4938ed22142","Eemsmonding volgens het Eems-Dollardverdrag-Downloadservice","https://inspire1.bathy.online/geoserver/MarineRegion/wfs?service=WFS&version=2.0.0&request=GetCapabilities","download","#notpresent",""VERORDENING (EG) Nr. 976\/2009 VAN DE COMMISSIE van 19 oktober 2009 tot uitvoering van Richtlijn 2007\/2\/EG van het Europees Parlement en de Raad wat betreft de netwerkdiensten";"";"Webservice is conform";"Technical Guidance for the implementation of INSPIRE Download Services v3.0";"Webservice is conform"",""true";"true""
"87a382da-c6dc-403c-a006-2379eb6daaa6","Nederlands deel PSSA Waddenzee-Viewservice","https://inspire1.bathy.online/geoserver/pssa_nl/ows?service=WMS&version=1.3.0&request=GetCapabilities","view","#notpresent",""VERORDENING (EG) Nr. 976\/2009 VAN DE COMMISSIE van 19 oktober 2009 tot uitvoering van Richtlijn 2007\/2\/EG van het Europees Parlement en de Raad wat betreft de netwerkdiensten";"";"Webservice is conform";"Technical Guidance for the implementation of INSPIRE View Services v3.0";"Webservice is conform"",""true";"true""
"a406df9a-40c8-4392-9dcb-3a4c1ebcd5bb","Amplitude van het getij op de Noordzee viewservice - LAT boven ETRS89","https://inspire.bathy.online/geoserver/LAT_ETRS89/wms?service=WMS&version=1.3.0&request=GetCapabilities","view","#notpresent",""VERORDENING (EG) Nr. 976\/2009 VAN DE COMMISSIE van 19 oktober 2009 tot uitvoering van Richtlijn 2007\/2\/EG van het Europees Parlement en de Raad wat betreft de netwerkdiensten";"";"Webservice is conform";"Technical Guidance for the implementation of INSPIRE View Services v3.0";"Webservice is conform"",""true";"true""
"c8c4ed7d-9c80-4a51-b366-81deed958722","Maritieme grenzen - Noordzee - Downloadservice","https://inspire1.bathy.online/geoserver/boundary/wfs?service=WFS&version=2.0.0&request=GetCapabilities","download","#notpresent",""VERORDENING (EG) Nr. 976\/2009 VAN DE COMMISSIE van 19 oktober 2009 tot uitvoering van Richtlijn 2007\/2\/EG van het Europees Parlement en de Raad wat betreft de netwerkdiensten";"";"Webservice is conform";"Technical Guidance for the implementation of INSPIRE Download Services v3.0";"Webservice is conform"",""true";"true""
"5240a5e5-b70d-4302-a467-d4a811226d25","Amplitude van het getij op de Noordzee viewservice - NAP boven LAT","https://inspire.bathy.online/geoserver/NAP_LAT/wms?service=WMS&version=1.3.0&request=GetCapabilities","view","#notpresent",""VERORDENING (EG) Nr. 976\/2009 VAN DE COMMISSIE van 19 oktober 2009 tot uitvoering van Richtlijn 2007\/2\/EG van het Europees Parlement en de Raad wat betreft de netwerkdiensten";"";"Webservice is conform";"Technical Guidance for the implementation of INSPIRE View Services v3.0";"Webservice is conform"",""true";"true""
"44b8e050-abf9-411c-83b6-5d7bf7dfe4d3","Amplitude van het getij op de Noordzee Downloadservice - LAT boven ETRS89","https://inspire.bathy.online/geoserver/LAT_ETRS89/wfs?service=WFS&version=2.0.0&request=GetCapabilities","view","#notpresent",""VERORDENING (EG) Nr. 976\/2009 VAN DE COMMISSIE van 19 oktober 2009 tot uitvoering van Richtlijn 2007\/2\/EG van het Europees Parlement en de Raad wat betreft de netwerkdiensten";"";"Webservice is conform";"Technical Guidance for the implementation of INSPIRE View Services v3.0";"Webservice is conform"",""true";"true""
"0c4fe37c-4020-4727-b67d-dd854e14a83a","Amplitude van het getij op de Noordzee Downloadservice - NAP boven LAT","https://inspire.bathy.online/geoserver/NAP_LAT/wfs?service=WFS&version=2.0.0&request=GetCapabilities","view","#notpresent",""VERORDENING (EG) Nr. 976\/2009 VAN DE COMMISSIE van 19 oktober 2009 tot uitvoering van Richtlijn 2007\/2\/EG van het Europees Parlement en de Raad wat betreft de netwerkdiensten";"";"Webservice is conform";"Technical Guidance for the implementation of INSPIRE View Services v3.0";"Webservice is conform"",""true";"true""
"86076ea2-9d24-4937-a9ed-b980ce466a6b","Amplitude van het getij op de Noordzee viewservice - NAP boven ETRS89","https://inspire.bathy.online/geoserver/NAP_ETRS89/wms?service=WMS&version=1.3.0&request=GetCapabilities","view","#notpresent",""VERORDENING (EG) Nr. 976\/2009 VAN DE COMMISSIE van 19 oktober 2009 tot uitvoering van Richtlijn 2007\/2\/EG van het Europees Parlement en de Raad wat betreft de netwerkdiensten";"";"Webservice is conform";"Technical Guidance for the implementation of INSPIRE View Services v3.0";"Webservice is conform"",""true";"true""
"dff5aeb9-7d73-4cce-ac5e-f1e48a97f946","Amplitude van het getij - NAP boven LAT - ATOM","https://inspire1.bathy.online/atom/	0c4fe37c-4020-4727-b67d-dd854e14a83a.atom","download","#notpresent",""VERORDENING (EG) Nr. 976\/2009 VAN DE COMMISSIE van 19 oktober 2009 tot uitvoering van Richtlijn 2007\/2\/EG van het Europees Parlement en de Raad wat betreft de netwerkdiensten";"";"Webservice is conform";"Technical Guidance for the implementation of INSPIRE Download Services v3.0";"Webservice is conform"",""true";"true""
"5dfccef3-9b52-47f2-bb02-66b74aaf3af8","Territoriale Zee volgens UNCLOS - Noordzee - Viewservice","https://inspire1.bathy.online/geoserver/tz/wms?service=WMS&version=1.3.0&request=GetCapabilities","view","#notpresent",""VERORDENING (EG) Nr. 976\/2009 VAN DE COMMISSIE van 19 oktober 2009 tot uitvoering van Richtlijn 2007\/2\/EG van het Europees Parlement en de Raad wat betreft de netwerkdiensten";"";"Webservice is conform";"Technical Guidance for the implementation of INSPIRE View Services v3.0";"Webservice is conform"",""true";"true""
"1492fa63-96e2-406d-9a27-6affe281d848","Territoriale Zee volgens UNCLOS - Noordzee - Downloadservice","https://inspire1.bathy.online/geoserver/tz/ows?service=WFS&version=2.0.0&request=GetCapabilities","download","#notpresent",""VERORDENING (EG) Nr. 976\/2009 VAN DE COMMISSIE van 19 oktober 2009 tot uitvoering van Richtlijn 2007\/2\/EG van het Europees Parlement en de Raad wat betreft de netwerkdiensten";"";"Webservice is conform";"Technical Guidance for the implementation of INSPIRE Download Services v3.0";"Webservice is conform"",""true";"true""
"060d1139-c371-4c1e-9890-55999adfa4f9","Maritieme grenzen - Noordzee - Viewservice","https://inspire1.bathy.online/geoserver/boundary/wms?service=WMS&version=1.3.0&request=GetCapabilities","view","#notpresent",""VERORDENING (EG) Nr. 976\/2009 VAN DE COMMISSIE van 19 oktober 2009 tot uitvoering van Richtlijn 2007\/2\/EG van het Europees Parlement en de Raad wat betreft de netwerkdiensten";"";"Webservice is conform";"Technical Guidance for the implementation of INSPIRE View Services v3.0";"Webservice is conform"",""true";"true""
"e29b19de-d191-47f2-b944-5056a7674cce","Zones volgens EU Gemeenschappelijk Visserijbeleid tot 3M en 6M - Viewservice","https://inspire1.bathy.online/geoserver/am/wms?service=WMS&version=1.3.0&request=GetCapabilities","view","#notpresent",""VERORDENING (EG) Nr. 976\/2009 VAN DE COMMISSIE van 19 oktober 2009 tot uitvoering van Richtlijn 2007\/2\/EG van het Europees Parlement en de Raad wat betreft de netwerkdiensten";"";"Webservice is conform";"Technical Guidance for the implementation of INSPIRE View Services v3.0";"Webservice is conform"",""true";"true""
"923a666c-ee4f-496c-8c85-94d5f81e1f30","Zones volgens EU Gemeenschappelijk Visserijbeleid tot 3M en 6M - Downloadservice","https://inspire1.bathy.online/geoserver/am/wfs?service=WFS&version=2.0.0&request=GetCapabilities","download","#notpresent",""VERORDENING (EG) Nr. 976\/2009 VAN DE COMMISSIE van 19 oktober 2009 tot uitvoering van Richtlijn 2007\/2\/EG van het Europees Parlement en de Raad wat betreft de netwerkdiensten";"";"Webservice is conform";"Technical Guidance for the implementation of INSPIRE Download Services v3.0";"Webservice is conform"",""true";"true""
"c35c7421-f3ef-4bfb-afcc-ca15d03b8e6f","Blokindeling van het Nederlands Continentaal Plat volgens de Mijnbouwwet en Grensgebied volgens de Aanvullende Overeenkomst bij het Eems-Dollardverdrag-Viewservice","https://inspire1.bathy.online/geoserver/ProspectingAndMiningPermitArea/wms?service=WMS&version=1.3.0&request=GetCapabilities","view","#notpresent",""VERORDENING (EG) Nr. 976\/2009 VAN DE COMMISSIE van 19 oktober 2009 tot uitvoering van Richtlijn 2007\/2\/EG van het Europees Parlement en de Raad wat betreft de netwerkdiensten";"";"Webservice is conform";"Technical Guidance for the implementation of INSPIRE View Services v3.0";"Webservice is conform"",""true";"true""
"a12ae6ca-b755-4707-884f-95c0d66f431a","Eemsmonding volgens het Eems-Dollardverdrag-Viewservice","https://inspire1.bathy.online/geoserver/MarineRegion/wms?service=WMS&version=1.3.0&request=GetCapabilities","view","#notpresent",""VERORDENING (EG) Nr. 976\/2009 VAN DE COMMISSIE van 19 oktober 2009 tot uitvoering van Richtlijn 2007\/2\/EG van het Europees Parlement en de Raad wat betreft de netwerkdiensten";"";"Webservice is conform";"Technical Guidance for the implementation of INSPIRE View Services v3.0";"Webservice is conform"",""true";"true""
"0d2ca03b-fb7b-466a-bb93-e2bfb596e394","Nederlands deel PSSA Waddenzee-Downloadservice","https://inspire1.bathy.online/geoserver/pssa_nl/ows?service=WFS&version=2.0.0&request=GetCapabilities","download","#notpresent",""VERORDENING (EG) Nr. 976\/2009 VAN DE COMMISSIE van 19 oktober 2009 tot uitvoering van Richtlijn 2007\/2\/EG van het Europees Parlement en de Raad wat betreft de netwerkdiensten";"";"Webservice is conform";"Technical Guidance for the implementation of INSPIRE Download Services v3.0";"Webservice is conform"",""true";"true""
"97b49056-8ace-426c-ae3e-bf7efe4c000f","Maritieme grenzen - basislijn Noordzee - Viewservice","https://inspire1.bathy.online/geoserver/baselinews/wms?service=WMS&version=1.3.0&request=GetCapabilities","view","#notpresent",""VERORDENING (EG) Nr. 976\/2009 VAN DE COMMISSIE van 19 oktober 2009 tot uitvoering van Richtlijn 2007\/2\/EG van het Europees Parlement en de Raad wat betreft de netwerkdiensten";"";"Webservice is conform";"Technical Guidance for the implementation of INSPIRE View Services v3.0";"Webservice is conform"",""true";"true""
"7c664a91-1aa2-4923-9d17-6a43e4075f47","Territoriale Zee volgens UNCLOS - Noordzee - ATOM","https://inspire1.bathy.online/atom/bb11be63-bd38-4632-bf54-df44c423a529.atom","download","#notpresent",""VERORDENING (EG) Nr. 976\/2009 VAN DE COMMISSIE van 19 oktober 2009 tot uitvoering van Richtlijn 2007\/2\/EG van het Europees Parlement en de Raad wat betreft de netwerkdiensten";"";"Webservice is conform";"Technical Guidance for the implementation of INSPIRE Download Services v3.0";"Webservice is conform"",""true";"true""
"0bb27a13-76f1-4374-8d44-76e937198e8d","Maritieme grenzen - Noordzee - ATOM","https://inspire1.bathy.online/atom/a69b72c5-e892-4b41-a1f1-bc133d6858db.atom","download","#notpresent",""VERORDENING (EG) Nr. 976\/2009 VAN DE COMMISSIE van 19 oktober 2009 tot uitvoering van Richtlijn 2007\/2\/EG van het Europees Parlement en de Raad wat betreft de netwerkdiensten";"";"Dataset is geharmoniseerd";"Technical Guidance for the implementation of INSPIRE Download Services v3.0";"Webservice is conform"",""true";"true""
"09ddce36-e0df-4a51-842a-2c92bff166d4","Blokindeling van het Nederlands Continentaal Plat volgens de Mijnbouwwet en Grensgebied volgens de Aanvullende Overeenkomst bij het Eems-Dollardverdrag - ATOM","https://inspire1.bathy.online/atom/2951a1cc-32d8-4c2c-b461-e06e70877350.atom","download","#notpresent",""VERORDENING (EG) Nr. 976\/2009 VAN DE COMMISSIE van 19 oktober 2009 tot uitvoering van Richtlijn 2007\/2\/EG van het Europees Parlement en de Raad wat betreft de netwerkdiensten";"";"Webservice is conform";"Technical Guidance for the implementation of INSPIRE Download Services v3.0";"Webservice is conform"",""true";"true""
"5f8c39a9-0abe-4324-976c-39f8572108de","Geografische Namen - ATOM","https://inspire1.bathy.online/atom/c672845b-09f4-4864-8436-48503d574235.atom","download","#notpresent",""VERORDENING (EG) Nr. 976\/2009 VAN DE COMMISSIE van 19 oktober 2009 tot uitvoering van Richtlijn 2007\/2\/EG van het Europees Parlement en de Raad wat betreft de netwerkdiensten";"";"Webservice is conform";"Technical Guidance for the implementation of INSPIRE Download Services v3.0";"Webservice is conform"",""true";"true""
"517ff010-c10c-4963-963e-9b928fceab6b","Eemsmonding volgens het Eems-Dollardverdrag - ATOM","https://inspire1.bathy.online/atom/b3ed10bc-479a-4277-9683-56c908a7fa83.atom","download","#notpresent",""VERORDENING (EG) Nr. 976\/2009 VAN DE COMMISSIE van 19 oktober 2009 tot uitvoering van Richtlijn 2007\/2\/EG van het Europees Parlement en de Raad wat betreft de netwerkdiensten";"";"Webservice is conform";"Technical Guidance for the implementation of INSPIRE Download Services v3.0";"Webservice is conform"",""true";"true""
"adc1e9d1-1bca-4e88-a028-64422051433a","Nederlands deel PSSA Waddenzee - ATOM","https://inspire1.bathy.online/atom/4e2499d4-b4f2-41df-97e2-7ae7aa1e34c9.atom","download","#notpresent",""VERORDENING (EG) Nr. 976\/2009 VAN DE COMMISSIE van 19 oktober 2009 tot uitvoering van Richtlijn 2007\/2\/EG van het Europees Parlement en de Raad wat betreft de netwerkdiensten";"";"Webservice is conform";"Technical Guidance for the implementation of INSPIRE Download Services v3.0";"Webservice is conform"",""true";"true""
"efb5222c-112a-4c57-9bbf-f2af918cb9b5","Aansluitende Zone volgens UNCLOS - Noordzee - ATOM","https://inspire1.bathy.online/atom/881942f5-d3df-4f2d-8aa2-48af1cbc806e.atom","download","#notpresent",""VERORDENING (EG) Nr. 976\/2009 VAN DE COMMISSIE van 19 oktober 2009 tot uitvoering van Richtlijn 2007\/2\/EG van het Europees Parlement en de Raad wat betreft de netwerkdiensten";"";"Webservice is conform";"Technical Guidance for the implementation of INSPIRE Download Services v3.0";"Webservice is conform"",""true";"true""
"a975fd28-f2e6-4456-8d31-0bdef2e34a89","Zones volgens EU Gemeenschappelijk Visserijbeleid tot 3M en 6M - ATOM","https://inspire1.bathy.online/atom/6d74776c-d8d7-41d8-a9b5-d3a8e257c65b.atom","download","#notpresent",""VERORDENING (EG) Nr. 976\/2009 VAN DE COMMISSIE van 19 oktober 2009 tot uitvoering van Richtlijn 2007\/2\/EG van het Europees Parlement en de Raad wat betreft de netwerkdiensten";"";"Webservice is conform";"Technical Guidance for the implementation of INSPIRE Download Services v3.0";"Webservice is conform"",""true";"true""
"243c6401-9ed1-4cdd-b9a7-caff08813ce4","EEZ volgens UNCLOS - Noordzee - ATOM","https://inspire1.bathy.online/atom/e8b84fae-00b3-49c1-80c1-df8f69f64e8c.atom","download","#notpresent",""VERORDENING (EG) Nr. 976\/2009 VAN DE COMMISSIE van 19 oktober 2009 tot uitvoering van Richtlijn 2007\/2\/EG van het Europees Parlement en de Raad wat betreft de netwerkdiensten";"";"Webservice is conform";"Technical Guidance for the implementation of INSPIRE Download Services v3.0";"Webservice is conform"",""true";"true""
"22f1f21d-3791-4adc-8b1a-6033a03642bb","Amplitude van het getij - NAP boven ETRS89 - ATOM","https://inspire1.bathy.online/atom/9a18ecc7-fb59-4ccc-9642-b54ce2a73d36.atom","download","#notpresent",""VERORDENING (EG) Nr. 976\/2009 VAN DE COMMISSIE van 19 oktober 2009 tot uitvoering van Richtlijn 2007\/2\/EG van het Europees Parlement en de Raad wat betreft de netwerkdiensten";"";"Webservice is conform";"Technical Guidance for the implementation of INSPIRE Download Services v3.0";"Webservice is conform"",""true";"true""
"5f0c583a-101e-45ea-b684-a056713cf811","Maritieme grenzen - Basislijn Noordzee - ATOM","https://inspire1.bathy.online/atom/d7ab6903-1152-450b-b81d-042682dcfd03.atom","download","#notpresent",""VERORDENING (EG) Nr. 976\/2009 VAN DE COMMISSIE van 19 oktober 2009 tot uitvoering van Richtlijn 2007\/2\/EG van het Europees Parlement en de Raad wat betreft de netwerkdiensten";"";"Webservice is conform";"Technical Guidance for the implementation of INSPIRE Download Services v3.0";"Webservice is conform"",""true";"true""
"99275ee7-aac5-4b56-a4c7-0150e31fe80d","Amplitude van het getij - LAT boven ETRS89 - ATOM","https://inspire1.bathy.online/atom/26fc331b-1987-456a-9492-336cd6250464.atom","download","#notpresent",""VERORDENING (EG) Nr. 976\/2009 VAN DE COMMISSIE van 19 oktober 2009 tot uitvoering van Richtlijn 2007\/2\/EG van het Europees Parlement en de Raad wat betreft de netwerkdiensten";"";"Webservice is conform";"Technical Guidance for the implementation of INSPIRE Download Services v3.0";"Webservice is conform"",""true";"true""
"70bf4086-b557-4803-96d3-6dc397a5b135","Maritieme grenzen - basislijn Noordzee - Downloadservice","https://inspire1.bathy.online/geoserver/baseline/ows?service=WFS&version=2.0.0&request=GetCapabilities","download","#notpresent",""VERORDENING (EG) Nr. 976\/2009 VAN DE COMMISSIE van 19 oktober 2009 tot uitvoering van Richtlijn 2007\/2\/EG van het Europees Parlement en de Raad wat betreft de netwerkdiensten";"";"Webservice is conform";"Technical Guidance for the implementation of INSPIRE Download Services v3.0";"Webservice is conform"",""true";"true""
"f2d2cd9d-7410-485a-95e0-c1b885243eaf","EEZ volgens UNCLOS - Noordzee - Viewservice","https://inspire1.bathy.online/geoserver/eez/wms?service=WMS&version=1.3.0&request=GetCapabilities","view","#notpresent",""VERORDENING (EG) Nr. 976\/2009 VAN DE COMMISSIE van 19 oktober 2009 tot uitvoering van Richtlijn 2007\/2\/EG van het Europees Parlement en de Raad wat betreft de netwerkdiensten";"";"Webservice is conform";"Technical Guidance for the implementation of INSPIRE View Services v3.0";"Webservice is conform"",""true";"true""
"1e2cb7d4-934a-437a-809e-fda67b4a8824","EEZ volgens UNCLOS - Noordzee - Downloadservice","https://inspire1.bathy.online/geoserver/eez/wfs?service=WFS&version=2.0.0&request=GetCapabilities","download","#notpresent",""VERORDENING (EG) Nr. 976\/2009 VAN DE COMMISSIE van 19 oktober 2009 tot uitvoering van Richtlijn 2007\/2\/EG van het Europees Parlement en de Raad wat betreft de netwerkdiensten";"";"Webservice is conform";"Technical Guidance for the implementation of INSPIRE Download Services v3.0";"Webservice is conform"",""true";"true""
"f3e68b05-f5c8-4796-bc67-33a3db1c1d65","Aansluitende zone volgens UNCLOS - Noordzee - Downloadservice","https://inspire1.bathy.online/geoserver/cz/ows?service=WFS&version=2.0.0&request=GetCapabilities","download","#notpresent",""VERORDENING (EG) Nr. 976\/2009 VAN DE COMMISSIE van 19 oktober 2009 tot uitvoering van Richtlijn 2007\/2\/EG van het Europees Parlement en de Raad wat betreft de netwerkdiensten";"";"Webservice is conform";"Technical Guidance for the implementation of INSPIRE Download Services v3.0";"Webservice is conform"",""true";"true""
"a4c5aa6c-6c7f-45d7-9799-011edd83d9c2","Blokindeling van het Nederlands Continentaal Plat volgens de Mijnbouwwet en Grensgebied volgens de Aanvullende Overeenkomst bij het Eems-Dollardverdrag-Downloadservice","https://inspire1.bathy.online/geoserver/ProspectingAndMiningPermitArea/wfs?service=WFS&version=2.0.0&request=GetCapabilities","download","#notpresent",""VERORDENING (EG) Nr. 976\/2009 VAN DE COMMISSIE van 19 oktober 2009 tot uitvoering van Richtlijn 2007\/2\/EG van het Europees Parlement en de Raad wat betreft de netwerkdiensten";"";"Webservice is conform";"Technical Guidance for the implementation of INSPIRE Download Services v3.0";"Webservice is conform"",""true";"true""
