"c4b4e95a-12d7-4c74-933c-cb267cfe0bcf","Schelpdierpercelen (INSPIRE geharmoniseerd)","https://www.nationaalgeoregister.nl/geonetwork/srv/dut/catalog.search#/metadata/c4b4e95a-12d7-4c74-933c-cb267cfe0bce","Ministerie van Landbouw, Natuur en Voedselkwaliteit","["data@rvo.nl","data@rvo.nl","BeheerPDOK@kadaster.nl"]","Nederlands metadata profiel op ISO 19115 voor geografie 2.1.0"
"24eb504e-f5f3-4ecf-b760-cc5630e82a57","Potentiekaart Reststromen: Potentieel biogas & Potentieel houtachtige biomassa per gemeente (GJ/ha.jaar)","https://www.nationaalgeoregister.nl/geonetwork/srv/api/records24eb504e-f5f3-4ecf-b760-cc5630e82a57","Ministerie van Landbouw, Natuur en Voedselkwaliteit","["data@rvo.nl","data@rvo.nl",""]","Nederlands metadata profiel op ISO 19115 voor geografie 2.1.0"
"19165027-a13a-4c19-9013-ec1fd191019d","Wetlands (INSPIRE Geharmoniseerd)","http://nationaalgeoregister.nl/geonetwork/srv/dut/catalog.search#/metadata/19165027-a13a-4c19-9013-ec1fd191019d","Ministerie van Landbouw, Natuur en Voedselkwaliteit","["data@rvo.nl","data@rvo.nl","data@rvo.nl","GeoDesk.CGI@wur.nl","beheer@pdok.nl","",""]","Nederlands metadata profiel op ISO 19115 voor geografie 2.1.0"
"28c4780a-1a44-4376-b283-14a50a481729","Habitatrichtlijn verspreiding van soorten","https://www.nationaalgeoregister.nl/geonetwork/srv/dut/catalog.search#/metadata/28c4780a-1a44-4376-b283-14a50a481729","Ministerie van Landbouw, Natuur en Voedselkwaliteit","["data@rvo.nl","GeoDesk.CGI@wur.nl","data@rvo.nl","beheerPDOK@kadaster.nl","","",""]","Nederlands metadata profiel op ISO 19115 voor geografie 2.1.0"
"247a1d15-0a67-40ce-85be-1403c08f15a8","Nationale Parken (INSPIRE Geharmoniseerd)","http://nationaalgeoregister.nl/geonetwork/srv/dut/catalog.search#/metadata/247a1d15-0a67-40ce-85be-1403c08f15a8","Ministerie van Landbouw, Natuur en Voedselkwaliteit","["data@rvo.nl","data@rvo.nl","info@minlnv.nl","","",""]","Nederlands metadata profiel op ISO 19115 voor geografie 2.1.0"
"a04afee4-47d5-45b7-b7a0-a6f86106af11","Mosselzaadinvanginstallaties","http://www.nationaalgeoregister.nl/geonetwork/srv/dut/catalog.search#/metadata/a04afee4-47d5-45b7-b7a0-a6f86106af11","Ministerie van Landbouw, Natuur en Voedselkwaliteit","["data@rvo.nl","VR@minez.nl","data@rvo.nl","beheer@pdok.nl"]","Nederlands metadata profiel op ISO 19115 voor geografie 2.1.0"
"3703b249-a0eb-484e-ba7a-10e31a55bcec","Invasieve Exoten (INSPIRE geharmoniseerd)","https://www.nationaalgeoregister.nl/geonetwork/srv/api/records3703b249-a0eb-484e-ba7a-10e31a55bcec","Ministerie van Landbouw, Natuur en Voedselkwaliteit","["data@rvo.nl","data@rvo.nl"]","Nederlands metadata profiel op ISO 19115 voor geografie 2.1.0"
"4961d305-fbb5-426a-9ba3-53e1ca5f3b18","Nationale Parken","https://www.nationaalgeoregister.nl/geonetwork/srv/api/records4961d305-fbb5-426a-9ba3-53e1ca5f3b18","Ministerie van Landbouw, Natuur en Voedselkwaliteit","["data@rvo.nl","data@rvo.nl","info@minlnv.nl","","",""]","Nederlands metadata profiel op ISO 19115 voor geografie 2.1.0"
"3d59fd06-9aec-4744-91e7-65e119f74569","Mossel- en oesterhabitats","https://www.nationaalgeoregister.nl/geonetwork/srv/dut/catalog.search#/metadata/3d59fd06-9aec-4744-91e7-65e119f74569","Ministerie van Landbouw, Natuur en Voedselkwaliteit","["data@rvo.nl","data@rvo.nl","info@wur.nl","BeheerPDOK@kadaster.nl"]","Nederlands metadata profiel op ISO 19115 voor geografie 2.1.0"
"cbeaebc3-815a-48af-a978-0e16892865fc","Vogelrichtlijn verspreidingsgebied van soorten","https://www.nationaalgeoregister.nl/geonetwork/srv/dut/catalog.search#/metadata/cbeaebc3-815a-48af-a978-0e16892865fc","Ministerie van Landbouw, Natuur en Voedselkwaliteit","["data@rvo.nl","GeoDesk.CGI@wur.nl","data@rvo.nl","beheerPDOK@kadaster.nl",""]","Nederlands metadata profiel op ISO 19115 voor geografie 2.1.0"
"977e0e94-7aa9-4784-b2da-eaec44adb61b","Habitatrichtlijn verspreiding van habitattypen","https://www.nationaalgeoregister.nl/geonetwork/srv/dut/catalog.search#/metadata/977e0e94-7aa9-4784-b2da-eaec44adb61b","Ministerie van Landbouw, Natuur en Voedselkwaliteit","["data@rvo.nl","GeoDesk.CGI@wur.nl","data@rvo.nl","beheerPDOK@kadaster.nl",""]","Nederlands metadata profiel op ISO 19115 voor geografie 2.1.0"
"07d73b60-dfd6-4c54-9c82-9fac70c6c48e","Wetlands","https://ngr.acceptatie.nationaalgeoregister.nl/geonetwork/srv/resources07d73b60-dfd6-4c54-9c82-9fac70c6c48e","Ministerie van Landbouw, Natuur en Voedselkwaliteit","["data@rvo.nl","GeoDesk.CGI@wur.nl","data@rvo.nl","data@rvo.nl","beheer@pdok.nl"]","Nederlands metadata profiel op ISO 19115 voor geografie 2.1.0"
"fe0e1e5f-512f-4bb1-bbf8-4028d3dfa24f","Schelpdierpercelen","https://www.nationaalgeoregister.nl/geonetwork/srv/dut/catalog.search#/metadata/fe0e1e5f-512f-4bb1-bbf8-4028d3dfa24f","Ministerie van Landbouw, Natuur en Voedselkwaliteit","["data@rvo.nl","data@rvo.nl","BeheerPDOK@kadaster.nl"]","Nederlands metadata profiel op ISO 19115 voor geografie 2.1.0"
"280ed37a-b8d2-4ac5-8567-04d84fad3a41","Natura 2000 (INSPIRE geharmoniseerd)","http://nationaalgeoregister.nl/geonetwork/srv/dut/catalog.search#/metadata/280ed37a-b8d2-4ac5-8567-04d84fad3a41","Ministerie van Landbouw, Natuur en Voedselkwaliteit","["data@rvo.nl","data@rvo.nl","beheer@pdok.nl"]","Nederlands metadata profiel op ISO 19115 voor geografie 2.1.0"
"8829e5dd-c861-4639-a6c8-fdbb6e3440d2","Natura 2000-gebieden","https://www.nationaalgeoregister.nl/geonetwork/srv/dut/catalog.search#/metadata/8829e5dd-c861-4639-a6c8-fdbb6e3440d2","Ministerie van Landbouw, Natuur en Voedselkwaliteit","["data@rvo.nl","data@rvo.nl","beheer@pdok.nl","","",""]","Nederlands metadata profiel op ISO 19115 voor geografie 2.1.0"
"fcefa13c-44e2-4953-b6d6-1ddceebc57fc","Vogelrichtlijn verspreiding van soorten","https://www.nationaalgeoregister.nl/geonetwork/srv/dut/catalog.search#/metadata/fcefa13c-44e2-4953-b6d6-1ddceebc57fc","Ministerie van Landbouw, Natuur en Voedselkwaliteit","["data@rvo.nl","GeoDesk@wur.nl","data@rvo.nl","beheerPDOK@kadaster.nl",""]","Nederlands metadata profiel op ISO 19115 voor geografie 2.1.0"
"7de447ad-5f8d-43a0-befe-10eb8faa172a","Nationaal Beschermde Gebieden (CDDA)","https://www.nationaalgeoregister.nl/geonetwork/srv/dut/catalog.search#/metadata/7de447ad-5f8d-43a0-befe-10eb8faa172a","Ministerie van Landbouw, Natuur en Voedselkwaliteit","["data@rvo.nl","data@rvo.nl","data@rvo.nl"]","Nederlands metadata profiel op ISO 19115 voor geografie 2.1.0"
