"DATASETIDENTIFIERCODE","ELECTRONICMAILADDRESS","FEATURE","METADATASTANDARDVERSION","OPERATESON","ORGANISATION","PROTOCOL","RESULTMESSAGE","SERVICEIDENTIFIERCODE","SERVICEPROTOCOL","SERVICETYPE","SORTEDREFS","TITLE","URL"
"","opendata@knmi.nl,opendata@knmi.nl","Operates on has matching Inspire dataset","2005","https://haleconnect.com/services/bsp/org.874.794fa9da-8bf0-4053-83d8-1174f2317dcb/md/dataset/dataset1#xpointer%28%2F%2Fgmd%3AidentificationInfo%5B1%5D%2Fgmd%3AMD_DataIdentification%29","Koninklijk Nederlands Meteorologisch Instituut (KNMI)","#notpresent","Operates on: not found in Inspire CSW endpoint in service: 2c2cc118-dee5-448f-9658-e2649bcb7d7f INSPIRE Gecontroleerde klimatologische daggegevens, Daily mean temperature in (0.1 degrees Celsius)","2c2cc118-dee5-448f-9658-e2649bcb7d7f","unknown","download","","INSPIRE Gecontroleerde klimatologische daggegevens, Daily mean temperature in (0.1 degrees Celsius)","https://haleconnect.com/ows/services/org.874.cb9ca55e-f4e7-4bd8-a02e-75d528e22118_wfs/org.874.794fa9da-8bf0-4053-83d8-1174f2317dcb?SERVICE=WFS&Request=GetCapabilities"
"f1859b4d-93be-4fc8-9e91-0ecc2fa0f3b3","beheerpdok@kadaster.nl,beheerpdok@kadaster.nl","Operates on has matching Inspire dataset","Nederlands metadata profiel op ISO 19119 voor services 2.1.0","https://nationaalgeoregister.nl/geonetwork/srv/dut/csw?service=CSW&request=GetRecordById&version=2.0.2&outputSchema=http://www.isotc211.org/2005/gmd&elementSetName=full&id=f1859b4d-93be-4fc8-9e91-0ecc2fa0f3b3#MD_DataIdentification","Beheer PDOK","OGC:WFS","Operates on:f1859b4d-93be-4fc8-9e91-0ecc2fa0f3b3 not found in Inspire CSW endpoint in service: caeb52a3-cbaa-4e9b-a23e-d4dc0335b506 CBS Wijken en Buurten 2020 versie 3 WFS","caeb52a3-cbaa-4e9b-a23e-d4dc0335b506","wfs","download","","CBS Wijken en Buurten 2020 versie 3 WFS","https://service.pdok.nl/cbs/wijkenbuurten/2020/wfs/v2_0?request=getcapabilities&service=wfs"
"","opendata@knmi.nl,opendata@knmi.nl","Operates on has matching Inspire dataset","2005","https://haleconnect.com/services/bsp/org.874.1d098355-23c3-4bd3-adf6-192549933ec3/md/dataset/dataset1#xpointer%28%2F%2Fgmd%3AidentificationInfo%5B1%5D%2Fgmd%3AMD_DataIdentification%29","Koninklijk Nederlands Meteorologisch Instituut (KNMI)","#notpresent","Operates on: not found in Inspire CSW endpoint in service: 62b01550-9007-4634-b008-bd6071b34b2c INSPIRE Gecontroleerde klimatologische daggegevens, Daily mean sea level pressure (in 0.1 hPa) calculated from 24 hourly values","62b01550-9007-4634-b008-bd6071b34b2c","unknown","view","","INSPIRE Gecontroleerde klimatologische daggegevens, Daily mean sea level pressure (in 0.1 hPa) calculated from 24 hourly values","https://haleconnect.com/ows/services/org.874.cb9ca55e-f4e7-4bd8-a02e-75d528e22118_wms/org.874.1d098355-23c3-4bd3-adf6-192549933ec3?SERVICE=WMS&Request=GetCapabilities"
"5c37d29a-006d-4136-8989-adfc35a1d4a7","beheerpdok@kadaster.nl,beheerpdok@kadaster.nl","Operates on has matching Inspire dataset","Nederlands metadata profiel op ISO 19119 voor services 2.1.0","https://nationaalgeoregister.nl/geonetwork/srv/dut/csw?service=CSW&request=GetRecordById&version=2.0.2&outputSchema=http://www.isotc211.org/2005/gmd&elementSetName=full&id=5c37d29a-006d-4136-8989-adfc35a1d4a7#MD_DataIdentification","Beheer PDOK","OGC:WFS","Operates on:5c37d29a-006d-4136-8989-adfc35a1d4a7 not found in Inspire CSW endpoint in service: 027e3f15-3b58-4570-97bb-779ce3ca947e CBS Wijken en Buurten 2019 versie 3 WFS","027e3f15-3b58-4570-97bb-779ce3ca947e","wfs","download","","CBS Wijken en Buurten 2019 versie 3 WFS","https://service.pdok.nl/cbs/wijkenbuurten/2019/wfs/v1_0?request=getcapabilities&service=wfs"
"","opendata@knmi.nl,opendata@knmi.nl","Operates on has matching Inspire dataset","2005","https://haleconnect.com/services/bsp/org.874.7e01e60c-8887-425c-af9b-e2cf6af9181b/md/dataset/dataset1#xpointer%28%2F%2Fgmd%3AidentificationInfo%5B1%5D%2Fgmd%3AMD_DataIdentification%29","Koninklijk Nederlands Meteorologisch Instituut (KNMI)","#notpresent","Operates on: not found in Inspire CSW endpoint in service: ce0a3f8e-6713-455f-805e-a067162c287d Aardbevingen Nederland (KNMI)","ce0a3f8e-6713-455f-805e-a067162c287d","unknown","view","","Aardbevingen Nederland (KNMI)","https://haleconnect.com/ows/services/org.874.7e01e60c-8887-425c-af9b-e2cf6af9181b_wms?SERVICE=WMS&Request=GetCapabilities"
"f1859b4d-93be-4fc8-9e91-0ecc2fa0f3b3","beheerpdok@kadaster.nl,beheerpdok@kadaster.nl","Operates on has matching Inspire dataset","Nederlands metadata profiel op ISO 19119 voor services 2.1.0","https://nationaalgeoregister.nl/geonetwork/srv/dut/csw?service=CSW&request=GetRecordById&version=2.0.2&outputSchema=http://www.isotc211.org/2005/gmd&elementSetName=full&id=f1859b4d-93be-4fc8-9e91-0ecc2fa0f3b3#MD_DataIdentification","Beheer PDOK","OGC:WMS","Operates on:f1859b4d-93be-4fc8-9e91-0ecc2fa0f3b3 not found in Inspire CSW endpoint in service: 3c47e1a8-a6a2-45e4-bfec-0f334c9fbc9d CBS Wijken en Buurten 2020 versie 3 WMS","3c47e1a8-a6a2-45e4-bfec-0f334c9fbc9d","wms","view","","CBS Wijken en Buurten 2020 versie 3 WMS","https://service.pdok.nl/cbs/wijkenbuurten/2020/wms/v2_0?request=getcapabilities&service=wms"
"","opendata@knmi.nl,opendata@knmi.nl","Operates on has matching Inspire dataset","2005","https://haleconnect.com/services/bsp/org.874.cb9ca55e-f4e7-4bd8-a02e-75d528e22118/md/dataset/dataset1#xpointer%28%2F%2Fgmd%3AidentificationInfo%5B1%5D%2Fgmd%3AMD_DataIdentification%29","Koninklijk Nederlands Meteorologisch Instituut (KNMI)","#notpresent","Operates on: not found in Inspire CSW endpoint in service: 1009c2a4-4dba-49a5-b643-914ba8b80b52 INSPIRE Gecontroleerde klimatologische daggegevens","1009c2a4-4dba-49a5-b643-914ba8b80b52","unknown","download","","INSPIRE Gecontroleerde klimatologische daggegevens","https://haleconnect.com/ows/services/org.874.cb9ca55e-f4e7-4bd8-a02e-75d528e22118_wfs?SERVICE=WFS&Request=GetCapabilities"
"","opendata@knmi.nl,opendata@knmi.nl","Operates on has matching Inspire dataset","2005","https://haleconnect.com/services/bsp/org.874.28716afd-1e98-4623-9239-8abbd9249408/md/dataset/dataset1#xpointer%28%2F%2Fgmd%3AidentificationInfo%5B1%5D%2Fgmd%3AMD_DataIdentification%29","Koninklijk Nederlands Meteorologisch Instituut (KNMI)","#notpresent","Operates on: not found in Inspire CSW endpoint in service: 8a772a52-d659-47b3-a131-82398fb78664 Overzicht van Nederlandse seismologische meetstations","8a772a52-d659-47b3-a131-82398fb78664","unknown","download","","Overzicht van Nederlandse seismologische meetstations","https://haleconnect.com/services/bsp/org.874.28716afd-1e98-4623-9239-8abbd9249408/service/atom/id_predefined_dataset"
"f1859b4d-93be-4fc8-9e91-0ecc2fa0f3b3","beheerpdok@kadaster.nl,beheerpdok@kadaster.nl","Operates on has matching Inspire dataset","Nederlands metadata profiel op ISO 19119 voor services 2.1.0","https://nationaalgeoregister.nl/geonetwork/srv/dut/csw?service=CSW&request=GetRecordById&version=2.0.2&outputSchema=http://www.isotc211.org/2005/gmd&elementSetName=full&id=f1859b4d-93be-4fc8-9e91-0ecc2fa0f3b3#MD_DataIdentification","Beheer PDOK","INSPIRE Atom","Operates on:f1859b4d-93be-4fc8-9e91-0ecc2fa0f3b3 not found in Inspire CSW endpoint in service: 88a337a9-bed3-4d79-80fa-ff4b45990d7d CBS Wijken en Buurten 2020 versie 3 ATOM","88a337a9-bed3-4d79-80fa-ff4b45990d7d","atom","download","","CBS Wijken en Buurten 2020 versie 3 ATOM","https://service.pdok.nl/cbs/wijkenbuurten/2020/atom/index.xml"
"","opendata@knmi.nl,opendata@knmi.nl","Operates on has matching Inspire dataset","2005","https://haleconnect.com/services/bsp/org.874.794fa9da-8bf0-4053-83d8-1174f2317dcb/md/dataset/dataset1#xpointer%28%2F%2Fgmd%3AidentificationInfo%5B1%5D%2Fgmd%3AMD_DataIdentification%29","Koninklijk Nederlands Meteorologisch Instituut (KNMI)","#notpresent","Operates on: not found in Inspire CSW endpoint in service: ff2a91df-931c-46fe-8f07-a1ec64e1335e INSPIRE Gecontroleerde klimatologische daggegevens, Daily mean temperature in (0.1 degrees Celsius)","ff2a91df-931c-46fe-8f07-a1ec64e1335e","unknown","view","","INSPIRE Gecontroleerde klimatologische daggegevens, Daily mean temperature in (0.1 degrees Celsius)","https://haleconnect.com/ows/services/org.874.cb9ca55e-f4e7-4bd8-a02e-75d528e22118_wms/org.874.794fa9da-8bf0-4053-83d8-1174f2317dcb?SERVICE=WMS&Request=GetCapabilities"
"26fc331b-1987-456a-9492-336cd6250464","hydrologistiek@mindef.nl,hydrologistiek@mindef.nl","Operates on has matching Inspire dataset","Nederlands metadata profiel op ISO 19119 voor services 2.1.0","https://www.nationaalgeoregister.nl/geonetwork/srv/dut/csw?Service=CSW&Request=GetRecordById&Version=2.0.2&id=26fc331b-1987-456a-9492-336cd6250464&outputSchema=http://www.isotc211.org/2005/gmd&elementSetName=full#MD_DataIdentification","Ministerie van Defensie, Koninklijke Marine, Dienst der Hydrografie","OGC:WMS","Operates on:26fc331b-1987-456a-9492-336cd6250464 not found in Inspire CSW endpoint in service: 86076ea2-9d24-4937-a9ed-b980ce466a6b Amplitude van het getij op de Noordzee viewservice - NAP boven ETRS89","86076ea2-9d24-4937-a9ed-b980ce466a6b","wms","view","","Amplitude van het getij op de Noordzee viewservice - NAP boven ETRS89","https://inspire.bathy.online/geoserver/NAP_ETRS89/wms?service=WMS&version=1.3.0&request=GetCapabilities"
"26fc331b-1987-456a-9492-336cd6250464","hydrologistiek@mindef.nl,hydrologistiek@mindef.nl","Operates on has matching Inspire dataset","Nederlands metadata profiel op ISO 19119 voor services 2.1.0","https://www.nationaalgeoregister.nl/geonetwork/srv/dut/csw?Service=CSW&Request=GetRecordById&Version=2.0.2&id=26fc331b-1987-456a-9492-336cd6250464&outputSchema=http://www.isotc211.org/2005/gmd&elementSetName=full#MD_DataIdentification","Ministerie van Defensie, Koninklijke Marine, Dienst der Hydrografie","OGC:WFS","Operates on:26fc331b-1987-456a-9492-336cd6250464 not found in Inspire CSW endpoint in service: 9a18ecc7-fb59-4ccc-9642-b54ce2a73d36 Amplitude van het getij op de Noordzee Downloadservice - NAP boven ETRS89","9a18ecc7-fb59-4ccc-9642-b54ce2a73d36","wfs","view","","Amplitude van het getij op de Noordzee Downloadservice - NAP boven ETRS89","https://inspire.bathy.online/geoserver/NAP_ETRS89/wfs?service=WFS&version=2.0.0&request=GetCapabilities"
"","opendata@knmi.nl,opendata@knmi.nl","Operates on has matching Inspire dataset","2005","https://haleconnect.com/services/bsp/org.874.512633c0-2899-4f9d-b2d1-1bd51cb2315a/md/dataset/dataset1#xpointer%28%2F%2Fgmd%3AidentificationInfo%5B1%5D%2Fgmd%3AMD_DataIdentification%29","Koninklijk Nederlands Meteorologisch Instituut (KNMI)","#notpresent","Operates on: not found in Inspire CSW endpoint in service: c6308500-3439-4840-88cb-7532cabbfcb4 (T) KNMI Netwerk van waarneemstations","c6308500-3439-4840-88cb-7532cabbfcb4","unknown","view","","(T) KNMI Netwerk van waarneemstations","https://haleconnect.com/ows/services/org.874.512633c0-2899-4f9d-b2d1-1bd51cb2315a_wms?SERVICE=WMS&Request=GetCapabilities"
"","opendata@knmi.nl,opendata@knmi.nl","Operates on has matching Inspire dataset","2005","https://haleconnect.com/services/bsp/org.874.0f6d394b-5d46-4e53-a985-8fd3bb721d8e/md/dataset/dataset1#xpointer%28%2F%2Fgmd%3AidentificationInfo%5B1%5D%2Fgmd%3AMD_DataIdentification%29","Koninklijk Nederlands Meteorologisch Instituut (KNMI)","#notpresent","Operates on: not found in Inspire CSW endpoint in service: 95664230-19bc-4f33-b2cf-10aedbe75c11 INSPIRE Gecontroleerde klimatologische daggegevens, Potential evapotranspiration (Makkink) (in 0.1 mm)","95664230-19bc-4f33-b2cf-10aedbe75c11","unknown","download","","INSPIRE Gecontroleerde klimatologische daggegevens, Potential evapotranspiration (Makkink) (in 0.1 mm)","https://haleconnect.com/ows/services/org.874.cb9ca55e-f4e7-4bd8-a02e-75d528e22118_wfs/org.874.0f6d394b-5d46-4e53-a985-8fd3bb721d8e?SERVICE=WFS&Request=GetCapabilities"
"","opendata@knmi.nl,opendata@knmi.nl","Operates on has matching Inspire dataset","2005","https://haleconnect.com/services/bsp/org.874.cb9ca55e-f4e7-4bd8-a02e-75d528e22118/md/dataset/dataset1#xpointer%28%2F%2Fgmd%3AidentificationInfo%5B1%5D%2Fgmd%3AMD_DataIdentification%29","Koninklijk Nederlands Meteorologisch Instituut (KNMI)","#notpresent","Operates on: not found in Inspire CSW endpoint in service: 7f79fc69-d0c7-4913-a05a-527c90453297 INSPIRE Gecontroleerde klimatologische daggegevens","7f79fc69-d0c7-4913-a05a-527c90453297","unknown","view","","INSPIRE Gecontroleerde klimatologische daggegevens","https://haleconnect.com/ows/services/org.874.cb9ca55e-f4e7-4bd8-a02e-75d528e22118_wms?SERVICE=WMS&Request=GetCapabilities"
"","opendata@knmi.nl,opendata@knmi.nl","Operates on has matching Inspire dataset","2005","https://haleconnect.com/services/bsp/org.874.512633c0-2899-4f9d-b2d1-1bd51cb2315a/md/dataset/dataset1#xpointer%28%2F%2Fgmd%3AidentificationInfo%5B1%5D%2Fgmd%3AMD_DataIdentification%29","Koninklijk Nederlands Meteorologisch Instituut (KNMI)","#notpresent","Operates on: not found in Inspire CSW endpoint in service: 7d533012-21ad-4a5b-a97e-a76988270273 (T) KNMI Netwerk van waarneemstations","7d533012-21ad-4a5b-a97e-a76988270273","unknown","download","","(T) KNMI Netwerk van waarneemstations","https://haleconnect.com/services/bsp/org.874.512633c0-2899-4f9d-b2d1-1bd51cb2315a/service/atom/id_predefined_dataset"
"","opendata@knmi.nl,opendata@knmi.nl","Operates on has matching Inspire dataset","2005","https://haleconnect.com/services/bsp/org.874.0f6d394b-5d46-4e53-a985-8fd3bb721d8e/md/dataset/dataset1#xpointer%28%2F%2Fgmd%3AidentificationInfo%5B1%5D%2Fgmd%3AMD_DataIdentification%29","Koninklijk Nederlands Meteorologisch Instituut (KNMI)","#notpresent","Operates on: not found in Inspire CSW endpoint in service: 9ff7e9e1-cf7d-40cb-9efa-3a06b8aa4e40 INSPIRE Gecontroleerde klimatologische daggegevens, Potential evapotranspiration (Makkink) (in 0.1 mm)","9ff7e9e1-cf7d-40cb-9efa-3a06b8aa4e40","unknown","view","","INSPIRE Gecontroleerde klimatologische daggegevens, Potential evapotranspiration (Makkink) (in 0.1 mm)","https://haleconnect.com/ows/services/org.874.cb9ca55e-f4e7-4bd8-a02e-75d528e22118_wms/org.874.0f6d394b-5d46-4e53-a985-8fd3bb721d8e?SERVICE=WMS&Request=GetCapabilities"
"","opendata@knmi.nl,opendata@knmi.nl","Operates on has matching Inspire dataset","2005","https://haleconnect.com/services/bsp/org.874.512633c0-2899-4f9d-b2d1-1bd51cb2315a/md/dataset/dataset1#xpointer%28%2F%2Fgmd%3AidentificationInfo%5B1%5D%2Fgmd%3AMD_DataIdentification%29","Koninklijk Nederlands Meteorologisch Instituut (KNMI)","#notpresent","Operates on: not found in Inspire CSW endpoint in service: 1e01d173-96f4-40b1-8236-c6a9cfdac252 (T) KNMI Netwerk van waarneemstations","1e01d173-96f4-40b1-8236-c6a9cfdac252","unknown","download","","(T) KNMI Netwerk van waarneemstations","https://haleconnect.com/ows/services/org.874.512633c0-2899-4f9d-b2d1-1bd51cb2315a_wfs?SERVICE=WFS&Request=GetCapabilities"
"be6551de-a709-4c6d-a5e2-f63f0cf038ba","hydrologistiek@mindef.nl,hydrologistiek@mindef.nl","Operates on has matching Inspire dataset","Nederlands metadata profiel op ISO 19119 voor services 2.1.0","https://www.nationaalgeoregister.nl/geonetwork/srv/dut/csw?Service=CSW&Request=GetRecordById&Version=2.0.2&id=be6551de-a709-4c6d-a5e2-f63f0cf038ba&outputSchema=http://www.isotc211.org/2005/gmd&elementSetName=full#MD_DataIdentification","Ministerie van Defensie, Koninklijke Marine, Dienst der Hydrografie","[""OGC:WMS,OGC:WMS,OGC:WMS""]","Operates on:be6551de-a709-4c6d-a5e2-f63f0cf038ba not found in Inspire CSW endpoint in service: ebd029f5-6e8f-4d61-b89a-11427c96bf3a Amplitude van het getij op de Noordzee Viewservice","ebd029f5-6e8f-4d61-b89a-11427c96bf3a","wms","view","","Amplitude van het getij op de Noordzee Viewservice","https://inspire.caris.nl/gs4/LAT2018OF/wms?service=WMS&version=1.3.0&request=GetCapabilities"
"353108a0-f0f8-4f8e-9d0e-60f18dfda169 a33c92d0-e29b-43cb-b681-f942ef597331 604d241d-6792-4286-bbef-44b2ce5c38c1 0deb6c22-a6ae-453d-a956-205f52141ca1","beheerpdok@kadaster.nl,beheerpdok@kadaster.nl","Operates on has matching Inspire dataset","Nederlands metadata profiel op ISO 19119 voor services 2.1.0","[""https://www.nationaalgeoregister.nl/geonetwork/srv/dut/csw?service=CSW&request=GetRecordById&version=2.0.2&outputSchema=http://www.isotc211.org/2005/gmd&elementSetName=full&id=353108a0-f0f8-4f8e-9d0e-60f18dfda169#MD_DataIdentification,https://www.nationaalgeoregister.nl/geonetwork/srv/dut/csw?service=CSW&request=GetRecordById&version=2.0.2&outputSchema=http://www.isotc211.org/2005/gmd&elementSetName=full&id=a33c92d0-e29b-43cb-b681-f942ef597331#MD_DataIdentification,https://www.nationaalgeoregister.nl/geonetwork/srv/dut/csw?service=CSW&request=GetRecordById&version=2.0.2&outputSchema=http://www.isotc211.org/2005/gmd&elementSetName=full&id=604d241d-6792-4286-bbef-44b2ce5c38c1#MD_DataIdentification,https://www.nationaalgeoregister.nl/geonetwork/srv/dut/csw?service=CSW&request=GetRecordById&version=2.0.2&outputSchema=http://www.isotc211.org/2005/gmd&elementSetName=full&id=0deb6c22-a6ae-453d-a956-205f52141ca1#MD_DataIdentification""]","Beheer PDOK","INSPIRE Atom","Operates on:353108a0-f0f8-4f8e-9d0e-60f18dfda169 not found in Inspire CSW endpoint in service: 641a0f48-872b-4470-b130-e3d28e6bfdfb Kaderrichtlijn Mariene Strategie Nederland ATOM","641a0f48-872b-4470-b130-e3d28e6bfdfb","atom","download","","Kaderrichtlijn Mariene Strategie Nederland ATOM","https://service.pdok.nl/rws/richtlijnmarienestrategienederland/atom/index.xml"
"5c37d29a-006d-4136-8989-adfc35a1d4a7","beheerpdok@kadaster.nl,beheerpdok@kadaster.nl","Operates on has matching Inspire dataset","Nederlands metadata profiel op ISO 19119 voor services 2.1.0","https://nationaalgeoregister.nl/geonetwork/srv/dut/csw?service=CSW&request=GetRecordById&version=2.0.2&outputSchema=http://www.isotc211.org/2005/gmd&elementSetName=full&id=5c37d29a-006d-4136-8989-adfc35a1d4a7#MD_DataIdentification","Beheer PDOK","OGC:WMS","Operates on:5c37d29a-006d-4136-8989-adfc35a1d4a7 not found in Inspire CSW endpoint in service: 3ac5737f-55ed-455d-8350-44af11b67fc3 CBS Wijken en Buurten 2019 Versie 3 WMS","3ac5737f-55ed-455d-8350-44af11b67fc3","wms","view","","CBS Wijken en Buurten 2019 Versie 3 WMS","https://service.pdok.nl/cbs/wijkenbuurten/2019/wms/v1_0?request=getcapabilities&service=wms"
"","opendata@knmi.nl,opendata@knmi.nl","Operates on has matching Inspire dataset","2005","https://haleconnect.com/services/bsp/org.874.28716afd-1e98-4623-9239-8abbd9249408/md/dataset/dataset1#xpointer%28%2F%2Fgmd%3AidentificationInfo%5B1%5D%2Fgmd%3AMD_DataIdentification%29","Koninklijk Nederlands Meteorologisch Instituut (KNMI)","#notpresent","Operates on: not found in Inspire CSW endpoint in service: c1ea0e3f-e8e2-4f25-aae8-f24ec6ee8217 Overzicht van Nederlandse seismologische meetstations","c1ea0e3f-e8e2-4f25-aae8-f24ec6ee8217","unknown","view","","Overzicht van Nederlandse seismologische meetstations","https://haleconnect.com/ows/services/org.874.28716afd-1e98-4623-9239-8abbd9249408_wms?SERVICE=WMS&Request=GetCapabilities"
"","opendata@knmi.nl,opendata@knmi.nl","Operates on has matching Inspire dataset","2005","https://haleconnect.com/services/bsp/org.874.7e01e60c-8887-425c-af9b-e2cf6af9181b/md/dataset/dataset1#xpointer%28%2F%2Fgmd%3AidentificationInfo%5B1%5D%2Fgmd%3AMD_DataIdentification%29","Koninklijk Nederlands Meteorologisch Instituut (KNMI)","#notpresent","Operates on: not found in Inspire CSW endpoint in service: eec0708d-bab6-41c2-aa5b-9c435a1a177e Aardbevingen Nederland (KNMI)","eec0708d-bab6-41c2-aa5b-9c435a1a177e","unknown","download","","Aardbevingen Nederland (KNMI)","https://haleconnect.com/services/bsp/org.874.7e01e60c-8887-425c-af9b-e2cf6af9181b/service/atom/id_predefined_dataset"
"cc931834-5f9a-4106-a3a3-d5bf553b2675 07d78f5e-f4c4-4c92-b866-94eb2cb38516 917b5ba0-9d8e-4758-83fa-28b057f185e2 11a98cc2-2e64-4f05-ae16-b7677f8054ad 4eee12af-35db-49ff-8bf2-03793c53b739","beheerPDOK@kadaster.nl,beheerPDOK@kadaster.nl","Operates on has matching Inspire dataset","Nederlands metadata profiel op ISO 19119 voor services 2.1.0","[""https://www.nationaalgeoregister.nl/geonetwork/srv/dut/csw?service=CSW&request=GetRecordById&version=2.0.2&outputSchema=http://www.isotc211.org/2005/gmd&elementSetName=full&id=cc931834-5f9a-4106-a3a3-d5bf553b2675#MD_DataIdentification,https://www.nationaalgeoregister.nl/geonetwork/srv/dut/csw?service=CSW&request=GetRecordById&version=2.0.2&outputSchema=http://www.isotc211.org/2005/gmd&elementSetName=full&id=07d78f5e-f4c4-4c92-b866-94eb2cb38516#MD_DataIdentification,https://www.nationaalgeoregister.nl/geonetwork/srv/dut/csw?service=CSW&request=GetRecordById&version=2.0.2&outputSchema=http://www.isotc211.org/2005/gmd&elementSetName=full&id=917b5ba0-9d8e-4758-83fa-28b057f185e2#MD_DataIdentification,https://www.nationaalgeoregister.nl/geonetwork/srv/dut/csw?service=CSW&request=GetRecordById&version=2.0.2&outputSchema=http://www.isotc211.org/2005/gmd&elementSetName=full&id=11a98cc2-2e64-4f05-ae16-b7677f8054ad#MD_DataIdentification,https://www.nationaalgeoregister.nl/geonetwork/srv/dut/csw?service=CSW&request=GetRecordById&version=2.0.2&outputSchema=http://www.isotc211.org/2005/gmd&elementSetName=full&id=4eee12af-35db-49ff-8bf2-03793c53b739#MD_DataIdentification""]","Beheer PDOK","INSPIRE Atom","Operates on:cc931834-5f9a-4106-a3a3-d5bf553b2675 not found in Inspire CSW endpoint in service: c21c6bf5-8899-4b46-8986-0f65eca05ed0 Richtlijn Stedelijk Afvalwater ATOM","c21c6bf5-8899-4b46-8986-0f65eca05ed0","atom","download","","Richtlijn Stedelijk Afvalwater ATOM","https://service.pdok.nl/rws/richtlijnstedelijkafvalwater/atom/index.xml"
"","opendata@knmi.nl,opendata@knmi.nl","Operates on has matching Inspire dataset","2005","https://haleconnect.com/services/bsp/org.874.7e01e60c-8887-425c-af9b-e2cf6af9181b/md/dataset/dataset1#xpointer%28%2F%2Fgmd%3AidentificationInfo%5B1%5D%2Fgmd%3AMD_DataIdentification%29","Koninklijk Nederlands Meteorologisch Instituut (KNMI)","#notpresent","Operates on: not found in Inspire CSW endpoint in service: 914a6e0c-2aae-42f8-8425-2a047c245dab Aardbevingen Nederland (KNMI)","914a6e0c-2aae-42f8-8425-2a047c245dab","unknown","download","","Aardbevingen Nederland (KNMI)","https://haleconnect.com/ows/services/org.874.7e01e60c-8887-425c-af9b-e2cf6af9181b_wfs?SERVICE=WFS&Request=GetCapabilities"
"","opendata@knmi.nl,opendata@knmi.nl","Operates on has matching Inspire dataset","2005","https://haleconnect.com/services/bsp/org.874.b005ca06-7d3d-4805-bcac-0fb65196db22/md/dataset/dataset1#xpointer%28%2F%2Fgmd%3AidentificationInfo%5B1%5D%2Fgmd%3AMD_DataIdentification%29","Koninklijk Nederlands Meteorologisch Instituut (KNMI)","#notpresent","Operates on: not found in Inspire CSW endpoint in service: ac873153-d885-45e4-b2ab-ad0600d203d3 INSPIRE Gecontroleerde klimatologische daggegevens, Daily mean relative atmospheric humidity (in percents)","ac873153-d885-45e4-b2ab-ad0600d203d3","unknown","view","","INSPIRE Gecontroleerde klimatologische daggegevens, Daily mean relative atmospheric humidity (in percents)","https://haleconnect.com/ows/services/org.874.cb9ca55e-f4e7-4bd8-a02e-75d528e22118_wms/org.874.b005ca06-7d3d-4805-bcac-0fb65196db22?SERVICE=WMS&Request=GetCapabilities"
"","opendata@knmi.nl,opendata@knmi.nl","Operates on has matching Inspire dataset","2005","https://haleconnect.com/services/bsp/org.874.b005ca06-7d3d-4805-bcac-0fb65196db22/md/dataset/dataset1#xpointer%28%2F%2Fgmd%3AidentificationInfo%5B1%5D%2Fgmd%3AMD_DataIdentification%29","Koninklijk Nederlands Meteorologisch Instituut (KNMI)","#notpresent","Operates on: not found in Inspire CSW endpoint in service: bbf57a25-0476-4d46-8e68-caaa5864a177 INSPIRE Gecontroleerde klimatologische daggegevens, Daily mean relative atmospheric humidity (in percents)","bbf57a25-0476-4d46-8e68-caaa5864a177","unknown","download","","INSPIRE Gecontroleerde klimatologische daggegevens, Daily mean relative atmospheric humidity (in percents)","https://haleconnect.com/ows/services/org.874.cb9ca55e-f4e7-4bd8-a02e-75d528e22118_wfs/org.874.b005ca06-7d3d-4805-bcac-0fb65196db22?SERVICE=WFS&Request=GetCapabilities"
"155f4288-e7c6-4278-8145-0e8cb5ffe52d babb8ae8-533f-4fd1-be66-e8dcccf20b33 0e6bbc35-489b-4209-8e5c-41e36b9d0351 44b2a450-7000-46fd-a068-e33b26edbd13","beheerpdok@kadaster.nl,beheerpdok@kadaster.nl","Operates on has matching Inspire dataset","Nederlands metadata profiel op ISO 19119 voor services 2.1.0","[""https://www.nationaalgeoregister.nl/geonetwork/srv/dut/csw?service=CSW&request=GetRecordById&version=2.0.2&outputSchema=http://www.isotc211.org/2005/gmd&elementSetName=full&id=155f4288-e7c6-4278-8145-0e8cb5ffe52d#MD_DataIdentification,https://www.nationaalgeoregister.nl/geonetwork/srv/dut/csw?service=CSW&request=GetRecordById&version=2.0.2&outputSchema=http://www.isotc211.org/2005/gmd&elementSetName=full&id=babb8ae8-533f-4fd1-be66-e8dcccf20b33#MD_DataIdentification,https://www.nationaalgeoregister.nl/geonetwork/srv/dut/csw?service=CSW&request=GetRecordById&version=2.0.2&outputSchema=http://www.isotc211.org/2005/gmd&elementSetName=full&id=0e6bbc35-489b-4209-8e5c-41e36b9d0351#MD_DataIdentification,https://www.nationaalgeoregister.nl/geonetwork/srv/dut/csw?service=CSW&request=GetRecordById&version=2.0.2&outputSchema=http://www.isotc211.org/2005/gmd&elementSetName=full&id=44b2a450-7000-46fd-a068-e33b26edbd13#MD_DataIdentification""]","Beheer PDOK","OGC:WMS","Operates on:155f4288-e7c6-4278-8145-0e8cb5ffe52d not found in Inspire CSW endpoint in service: 2ca26f5e-0b39-48a4-9e8d-7b9ffde9a5b0 Richtlijn Overstromingsrisico WMS","2ca26f5e-0b39-48a4-9e8d-7b9ffde9a5b0","wms","view","","Richtlijn Overstromingsrisico WMS","https://service.pdok.nl/rws/richtlijnoverstromingsrisico/wms/v1_0?request=GetCapabilities&service=WMS"
"","beheerpdok@kadaster.nl,beheerpdok@kadaster.nl","Operates on has matching Inspire dataset","Nederlands metadata profiel op ISO 19119 voor services 2.1.0","#notpresent","Beheer PDOK","OGC:CSW","Operates on: not found in Inspire CSW endpoint in service: deb81ebe-c7a7-42ba-bc21-f07cd348c3e8 CSW Nationaal Georegister (NGR)","deb81ebe-c7a7-42ba-bc21-f07cd348c3e8","csw","discovery","","CSW Nationaal Georegister (NGR)","https://nationaalgeoregister.nl/geonetwork/srv/dut/csw-inspire?request=GetCapabilities&Service=CSW&Version=2.0.1"
"","opendata@knmi.nl,opendata@knmi.nl","Operates on has matching Inspire dataset","2005","https://haleconnect.com/services/bsp/org.874.f8e8e27f-9a8a-4704-b3d6-f42dc97157d2/md/dataset/dataset1#xpointer%28%2F%2Fgmd%3AidentificationInfo%5B1%5D%2Fgmd%3AMD_DataIdentification%29","Koninklijk Nederlands Meteorologisch Instituut (KNMI)","#notpresent","Operates on: not found in Inspire CSW endpoint in service: cf89409f-e268-4adb-9f34-a63b84ecfc12 INSPIRE Gecontroleerde klimatologische daggegevens, Daily precipitation amount (in 0.1 mm) (-1 for <0.05 mm)","cf89409f-e268-4adb-9f34-a63b84ecfc12","unknown","view","","INSPIRE Gecontroleerde klimatologische daggegevens, Daily precipitation amount (in 0.1 mm) (-1 for <0.05 mm)","https://haleconnect.com/ows/services/org.874.cb9ca55e-f4e7-4bd8-a02e-75d528e22118_wms/org.874.f8e8e27f-9a8a-4704-b3d6-f42dc97157d2?SERVICE=WMS&Request=GetCapabilities"
"c3955762-73a3-4c16-a15c-f3869487a1ea","beheerpdok@kadaster.nl,beheerpdok@kadaster.nl","Operates on has matching Inspire dataset","Nederlands metadata profiel op ISO 19119 voor services 2.1.0","https://www.nationaalgeoregister.nl/geonetwork/srv/dut/csw?service=CSW&request=GetRecordById&version=2.0.2&outputSchema=http://www.isotc211.org/2005/gmd&elementSetName=full&id=c3955762-73a3-4c16-a15c-f3869487a1ea#MD_DataIdentification","Beheer PDOK","INSPIRE Atom","Operates on:c3955762-73a3-4c16-a15c-f3869487a1ea not found in Inspire CSW endpoint in service: b4c6ba17-5daa-47b5-a029-341e2cf772e5 Hydrografie: Netwerk (INSPIRE geharmoniseerd) ATOM","b4c6ba17-5daa-47b5-a029-341e2cf772e5","atom","download","","Hydrografie: Netwerk (INSPIRE geharmoniseerd) ATOM","https://service.pdok.nl/rws/hydrografie/netwerk/atom/index.xml"
"","opendata@knmi.nl,opendata@knmi.nl","Operates on has matching Inspire dataset","2005","https://haleconnect.com/services/bsp/org.874.c9827525-5ea6-47bc-aa4a-3fa9665f0327/md/dataset/dataset1#xpointer%28%2F%2Fgmd%3AidentificationInfo%5B1%5D%2Fgmd%3AMD_DataIdentification%29","Koninklijk Nederlands Meteorologisch Instituut (KNMI)","#notpresent","Operates on: not found in Inspire CSW endpoint in service: d0b1a576-d1c5-47b4-972f-353f37eb1f8d INSPIRE Gecontroleerde klimatologische daggegevens, Vector mean wind direction in degrees (360)","d0b1a576-d1c5-47b4-972f-353f37eb1f8d","unknown","view","","INSPIRE Gecontroleerde klimatologische daggegevens, Vector mean wind direction in degrees (360)","https://haleconnect.com/ows/services/org.874.cb9ca55e-f4e7-4bd8-a02e-75d528e22118_wms/org.874.c9827525-5ea6-47bc-aa4a-3fa9665f0327?SERVICE=WMS&Request=GetCapabilities"
"","opendata@knmi.nl,opendata@knmi.nl","Operates on has matching Inspire dataset","2005","https://haleconnect.com/services/bsp/org.874.c9827525-5ea6-47bc-aa4a-3fa9665f0327/md/dataset/dataset1#xpointer%28%2F%2Fgmd%3AidentificationInfo%5B1%5D%2Fgmd%3AMD_DataIdentification%29","Koninklijk Nederlands Meteorologisch Instituut (KNMI)","#notpresent","Operates on: not found in Inspire CSW endpoint in service: 17db4dd9-462f-4b9e-b14f-0004cacdafbb INSPIRE Gecontroleerde klimatologische daggegevens, Vector mean wind direction in degrees (360)","17db4dd9-462f-4b9e-b14f-0004cacdafbb","unknown","download","","INSPIRE Gecontroleerde klimatologische daggegevens, Vector mean wind direction in degrees (360)","https://haleconnect.com/ows/services/org.874.cb9ca55e-f4e7-4bd8-a02e-75d528e22118_wfs/org.874.c9827525-5ea6-47bc-aa4a-3fa9665f0327?SERVICE=WFS&Request=GetCapabilities"
"","opendata@knmi.nl,opendata@knmi.nl","Operates on has matching Inspire dataset","2005","https://haleconnect.com/services/bsp/org.874.1d098355-23c3-4bd3-adf6-192549933ec3/md/dataset/dataset1#xpointer%28%2F%2Fgmd%3AidentificationInfo%5B1%5D%2Fgmd%3AMD_DataIdentification%29","Koninklijk Nederlands Meteorologisch Instituut (KNMI)","#notpresent","Operates on: not found in Inspire CSW endpoint in service: 9de0d2fa-debc-4f27-8298-5399b7844962 INSPIRE Gecontroleerde klimatologische daggegevens, Daily mean sea level pressure (in 0.1 hPa) calculated from 24 hourly values","9de0d2fa-debc-4f27-8298-5399b7844962","unknown","download","","INSPIRE Gecontroleerde klimatologische daggegevens, Daily mean sea level pressure (in 0.1 hPa) calculated from 24 hourly values","https://haleconnect.com/ows/services/org.874.cb9ca55e-f4e7-4bd8-a02e-75d528e22118_wfs/org.874.1d098355-23c3-4bd3-adf6-192549933ec3?SERVICE=WFS&Request=GetCapabilities"
"","opendata@knmi.nl,opendata@knmi.nl","Operates on has matching Inspire dataset","2005","https://haleconnect.com/services/bsp/org.874.28716afd-1e98-4623-9239-8abbd9249408/md/dataset/dataset1#xpointer%28%2F%2Fgmd%3AidentificationInfo%5B1%5D%2Fgmd%3AMD_DataIdentification%29","Koninklijk Nederlands Meteorologisch Instituut (KNMI)","#notpresent","Operates on: not found in Inspire CSW endpoint in service: 12505d53-a942-467e-a462-ddbe5ac6467f Overzicht van Nederlandse seismologische meetstations","12505d53-a942-467e-a462-ddbe5ac6467f","unknown","download","","Overzicht van Nederlandse seismologische meetstations","https://haleconnect.com/ows/services/org.874.28716afd-1e98-4623-9239-8abbd9249408_wfs?SERVICE=WFS&Request=GetCapabilities"
"","opendata@knmi.nl,opendata@knmi.nl","Operates on has matching Inspire dataset","2005","https://haleconnect.com/services/bsp/org.874.1fe64439-81bd-4adb-8a64-957200a4a48a/md/dataset/dataset1#xpointer%28%2F%2Fgmd%3AidentificationInfo%5B1%5D%2Fgmd%3AMD_DataIdentification%29","Koninklijk Nederlands Meteorologisch Instituut (KNMI)","#notpresent","Operates on: not found in Inspire CSW endpoint in service: 7d33772b-8bb4-4c9a-b5b4-07ada37694cd INSPIRE Gecontroleerde klimatologische daggegevens, Vector mean windspeed (in 0.1 m/s)","7d33772b-8bb4-4c9a-b5b4-07ada37694cd","unknown","view","","INSPIRE Gecontroleerde klimatologische daggegevens, Vector mean windspeed (in 0.1 m/s)","https://haleconnect.com/ows/services/org.874.cb9ca55e-f4e7-4bd8-a02e-75d528e22118_wms/org.874.1fe64439-81bd-4adb-8a64-957200a4a48a?SERVICE=WMS&Request=GetCapabilities"
"","opendata@knmi.nl,opendata@knmi.nl","Operates on has matching Inspire dataset","2005","https://haleconnect.com/services/bsp/org.874.f8e8e27f-9a8a-4704-b3d6-f42dc97157d2/md/dataset/dataset1#xpointer%28%2F%2Fgmd%3AidentificationInfo%5B1%5D%2Fgmd%3AMD_DataIdentification%29","Koninklijk Nederlands Meteorologisch Instituut (KNMI)","#notpresent","Operates on: not found in Inspire CSW endpoint in service: 3fa3aa0b-cd4a-4680-ad2e-89fc28411565 INSPIRE Gecontroleerde klimatologische daggegevens, Daily precipitation amount (in 0.1 mm) (-1 for <0.05 mm)","3fa3aa0b-cd4a-4680-ad2e-89fc28411565","unknown","download","","INSPIRE Gecontroleerde klimatologische daggegevens, Daily precipitation amount (in 0.1 mm) (-1 for <0.05 mm)","https://haleconnect.com/ows/services/org.874.cb9ca55e-f4e7-4bd8-a02e-75d528e22118_wfs/org.874.f8e8e27f-9a8a-4704-b3d6-f42dc97157d2?SERVICE=WFS&Request=GetCapabilities"
"be6551de-a709-4c6d-a5e2-f63f0cf038ba","hydrologistiek@mindef.nl,hydrologistiek@mindef.nl","Operates on has matching Inspire dataset","Nederlands metadata profiel op ISO 19119 voor services 2.1.0","https://www.nationaalgeoregister.nl/geonetwork/srv/dut/csw?Service=CSW&Request=GetRecordById&Version=2.0.2&id=be6551de-a709-4c6d-a5e2-f63f0cf038ba&outputSchema=http://www.isotc211.org/2005/gmd&elementSetName=full#MD_DataIdentification","Ministerie van Defensie, Koninklijke Marine, Dienst der Hydrografie","[""OGC:WFS,OGC:WFS,OGC:WFS""]","Operates on:be6551de-a709-4c6d-a5e2-f63f0cf038ba not found in Inspire CSW endpoint in service: b6d902f4-97e8-4bcc-ba87-e58134645ab7 Amplitude van het getij op de Noordzee Downloadservice","b6d902f4-97e8-4bcc-ba87-e58134645ab7","wfs","view","","Amplitude van het getij op de Noordzee Downloadservice","https://inspire.caris.nl/gs4/LAT2018OF/ows?service=WFS&version=2.0.0&request=GetCapabilities"
"29d5310f-dd0d-45ba-abad-b4ffc6b8785f f85220d0-10e3-4c9a-b4b2-f8f6fba76ecc 99f89bdb-3992-4a19-b7a1-9afbb5c60402 075311f6-ffd0-404d-bb2e-8bdc8a106440 c124fbf1-232d-4e84-8322-5a91b546adbd c0f5bc57-53a6-417b-806e-61118dc1ec27","beheerpdok@kadaster.nl,beheerpdok@kadaster.nl","Operates on has matching Inspire dataset","Nederlands metadata profiel op ISO 19119 voor services 2.1.0","[""https://nationaalgeoregister.nl/geonetwork/srv/dut/csw?service=CSW&request=GetRecordById&version=2.0.2&outputSchema=http://www.isotc211.org/2005/gmd&elementSetName=full&id=29d5310f-dd0d-45ba-abad-b4ffc6b8785f#MD_DataIdentification,https://nationaalgeoregister.nl/geonetwork/srv/dut/csw?service=CSW&request=GetRecordById&version=2.0.2&outputSchema=http://www.isotc211.org/2005/gmd&elementSetName=full&id=f85220d0-10e3-4c9a-b4b2-f8f6fba76ecc#MD_DataIdentification,https://nationaalgeoregister.nl/geonetwork/srv/dut/csw?service=CSW&request=GetRecordById&version=2.0.2&outputSchema=http://www.isotc211.org/2005/gmd&elementSetName=full&id=99f89bdb-3992-4a19-b7a1-9afbb5c60402#MD_DataIdentification,https://nationaalgeoregister.nl/geonetwork/srv/dut/csw?service=CSW&request=GetRecordById&version=2.0.2&outputSchema=http://www.isotc211.org/2005/gmd&elementSetName=full&id=075311f6-ffd0-404d-bb2e-8bdc8a106440#MD_DataIdentification,https://nationaalgeoregister.nl/geonetwork/srv/dut/csw?service=CSW&request=GetRecordById&version=2.0.2&outputSchema=http://www.isotc211.org/2005/gmd&elementSetName=full&id=c124fbf1-232d-4e84-8322-5a91b546adbd#MD_DataIdentification,https://nationaalgeoregister.nl/geonetwork/srv/dut/csw?service=CSW&request=GetRecordById&version=2.0.2&outputSchema=http://www.isotc211.org/2005/gmd&elementSetName=full&id=c0f5bc57-53a6-417b-806e-61118dc1ec27#MD_DataIdentification""]","Beheer PDOK","INSPIRE Atom","Operates on:f85220d0-10e3-4c9a-b4b2-f8f6fba76ecc not found in Inspire CSW endpoint in service: 12fa3d3b-6ed6-4a7b-9231-fc0f856dc643 BRT TOPNL ATOM","12fa3d3b-6ed6-4a7b-9231-fc0f856dc643","atom","download","","BRT TOPNL ATOM","https://service.pdok.nl/brt/topnl/atom/index.xml"
"07d78f5e-f4c4-4c92-b866-94eb2cb38516 cc931834-5f9a-4106-a3a3-d5bf553b2675 917b5ba0-9d8e-4758-83fa-28b057f185e2 11a98cc2-2e64-4f05-ae16-b7677f8054ad 4eee12af-35db-49ff-8bf2-03793c53b739","beheerPDOK@kadaster.nl,beheerPDOK@kadaster.nl","Operates on has matching Inspire dataset","Nederlands metadata profiel op ISO 19119 voor services 2.1.0","[""https://www.nationaalgeoregister.nl/geonetwork/srv/dut/csw?service=CSW&request=GetRecordById&version=2.0.2&outputSchema=http://www.isotc211.org/2005/gmd&elementSetName=full&id=07d78f5e-f4c4-4c92-b866-94eb2cb38516#MD_DataIdentification,https://www.nationaalgeoregister.nl/geonetwork/srv/dut/csw?service=CSW&request=GetRecordById&version=2.0.2&outputSchema=http://www.isotc211.org/2005/gmd&elementSetName=full&id=cc931834-5f9a-4106-a3a3-d5bf553b2675#MD_DataIdentification,https://www.nationaalgeoregister.nl/geonetwork/srv/dut/csw?service=CSW&request=GetRecordById&version=2.0.2&outputSchema=http://www.isotc211.org/2005/gmd&elementSetName=full&id=917b5ba0-9d8e-4758-83fa-28b057f185e2#MD_DataIdentification,https://www.nationaalgeoregister.nl/geonetwork/srv/dut/csw?service=CSW&request=GetRecordById&version=2.0.2&outputSchema=http://www.isotc211.org/2005/gmd&elementSetName=full&id=11a98cc2-2e64-4f05-ae16-b7677f8054ad#MD_DataIdentification,https://www.nationaalgeoregister.nl/geonetwork/srv/dut/csw?service=CSW&request=GetRecordById&version=2.0.2&outputSchema=http://www.isotc211.org/2005/gmd&elementSetName=full&id=4eee12af-35db-49ff-8bf2-03793c53b739#MD_DataIdentification""]","Beheer PDOK","OGC:WMS","Operates on:07d78f5e-f4c4-4c92-b866-94eb2cb38516 not found in Inspire CSW endpoint in service: 108fec55-e467-4d04-ab35-fd0d7060e3e2 Richtlijn Stedelijk Afvalwater WMS","108fec55-e467-4d04-ab35-fd0d7060e3e2","wms","view","","Richtlijn Stedelijk Afvalwater WMS","https://service.pdok.nl/rws/richtlijnstedelijkafvalwater/wms/v1_0?request=GetCapabilities&service=WMS"
"","opendata@knmi.nl,opendata@knmi.nl","Operates on has matching Inspire dataset","2005","https://haleconnect.com/services/bsp/org.874.1fe64439-81bd-4adb-8a64-957200a4a48a/md/dataset/dataset1#xpointer%28%2F%2Fgmd%3AidentificationInfo%5B1%5D%2Fgmd%3AMD_DataIdentification%29","Koninklijk Nederlands Meteorologisch Instituut (KNMI)","#notpresent","Operates on: not found in Inspire CSW endpoint in service: b145a28d-70fd-4a8e-9750-3865bbcc5bea INSPIRE Gecontroleerde klimatologische daggegevens, Vector mean windspeed (in 0.1 m/s)","b145a28d-70fd-4a8e-9750-3865bbcc5bea","unknown","download","","INSPIRE Gecontroleerde klimatologische daggegevens, Vector mean windspeed (in 0.1 m/s)","https://haleconnect.com/ows/services/org.874.cb9ca55e-f4e7-4bd8-a02e-75d528e22118_wfs/org.874.1fe64439-81bd-4adb-8a64-957200a4a48a?SERVICE=WFS&Request=GetCapabilities"
"0e6bbc35-489b-4209-8e5c-41e36b9d0351 babb8ae8-533f-4fd1-be66-e8dcccf20b33 155f4288-e7c6-4278-8145-0e8cb5ffe52d 44b2a450-7000-46fd-a068-e33b26edbd13","beheerpdok@kadaster.nl,beheerpdok@kadaster.nl","Operates on has matching Inspire dataset","Nederlands metadata profiel op ISO 19119 voor services 2.1.0","[""https://www.nationaalgeoregister.nl/geonetwork/srv/dut/csw?service=CSW&request=GetRecordById&version=2.0.2&outputSchema=http://www.isotc211.org/2005/gmd&elementSetName=full&id=0e6bbc35-489b-4209-8e5c-41e36b9d0351#MD_DataIdentification,https://www.nationaalgeoregister.nl/geonetwork/srv/dut/csw?service=CSW&request=GetRecordById&version=2.0.2&outputSchema=http://www.isotc211.org/2005/gmd&elementSetName=full&id=babb8ae8-533f-4fd1-be66-e8dcccf20b33#MD_DataIdentification,https://www.nationaalgeoregister.nl/geonetwork/srv/dut/csw?service=CSW&request=GetRecordById&version=2.0.2&outputSchema=http://www.isotc211.org/2005/gmd&elementSetName=full&id=155f4288-e7c6-4278-8145-0e8cb5ffe52d#MD_DataIdentification,https://www.nationaalgeoregister.nl/geonetwork/srv/dut/csw?service=CSW&request=GetRecordById&version=2.0.2&outputSchema=http://www.isotc211.org/2005/gmd&elementSetName=full&id=44b2a450-7000-46fd-a068-e33b26edbd13#MD_DataIdentification""]","Beheer PDOK","INSPIRE Atom","Operates on:0e6bbc35-489b-4209-8e5c-41e36b9d0351 not found in Inspire CSW endpoint in service: 1f7db024-396a-4f3a-b2d9-d09996ea57d1 Richtlijn Overstromingsrisico ATOM","1f7db024-396a-4f3a-b2d9-d09996ea57d1","atom","download","","Richtlijn Overstromingsrisico ATOM","https://service.pdok.nl/rws/richtlijnoverstromingsrisico/atom/index.xml"
"c3955762-73a3-4c16-a15c-f3869487a1ea c3955762-73a3-4c16-a15c-f3869487a1ea c3955762-73a3-4c16-a15c-f3869487a1ea","beheerpdok@kadaster.nl,beheerpdok@kadaster.nl","Operates on has matching Inspire dataset","Nederlands metadata profiel op ISO 19119 voor services 2.1.0","[""https://www.nationaalgeoregister.nl/geonetwork/srv/dut/csw?service=CSW&request=GetRecordById&version=2.0.2&outputSchema=http://www.isotc211.org/2005/gmd&elementSetName=full&id=c3955762-73a3-4c16-a15c-f3869487a1ea#MD_DataIdentification,https://www.nationaalgeoregister.nl/geonetwork/srv/dut/csw?service=CSW&request=GetRecordById&version=2.0.2&outputSchema=http://www.isotc211.org/2005/gmd&elementSetName=full&id=c3955762-73a3-4c16-a15c-f3869487a1ea#MD_DataIdentification,https://www.nationaalgeoregister.nl/geonetwork/srv/dut/csw?service=CSW&request=GetRecordById&version=2.0.2&outputSchema=http://www.isotc211.org/2005/gmd&elementSetName=full&id=c3955762-73a3-4c16-a15c-f3869487a1ea#MD_DataIdentification""]","Beheer PDOK","OGC:WMS","Operates on:c3955762-73a3-4c16-a15c-f3869487a1ea not found in Inspire CSW endpoint in service: 57b47cd8-ef75-458d-b5bf-2c3b48f07e17 Hydrografie: Netwerk (INSPIRE geharmoniseerd) WMS","57b47cd8-ef75-458d-b5bf-2c3b48f07e17","wms","view","","Hydrografie: Netwerk (INSPIRE geharmoniseerd) WMS","https://service.pdok.nl/rws/hydrografie/netwerk/wms/v1_0?request=GetCapabilities&service=WMS"
"604d241d-6792-4286-bbef-44b2ce5c38c1 353108a0-f0f8-4f8e-9d0e-60f18dfda169 a33c92d0-e29b-43cb-b681-f942ef597331 0deb6c22-a6ae-453d-a956-205f52141ca1","beheerpdok@kadaster.nl,beheerpdok@kadaster.nl","Operates on has matching Inspire dataset","Nederlands metadata profiel op ISO 19119 voor services 2.1.0","[""https://www.nationaalgeoregister.nl/geonetwork/srv/dut/csw?service=CSW&request=GetRecordById&version=2.0.2&outputSchema=http://www.isotc211.org/2005/gmd&elementSetName=full&id=604d241d-6792-4286-bbef-44b2ce5c38c1#MD_DataIdentification,https://www.nationaalgeoregister.nl/geonetwork/srv/dut/csw?service=CSW&request=GetRecordById&version=2.0.2&outputSchema=http://www.isotc211.org/2005/gmd&elementSetName=full&id=353108a0-f0f8-4f8e-9d0e-60f18dfda169#MD_DataIdentification,https://www.nationaalgeoregister.nl/geonetwork/srv/dut/csw?service=CSW&request=GetRecordById&version=2.0.2&outputSchema=http://www.isotc211.org/2005/gmd&elementSetName=full&id=a33c92d0-e29b-43cb-b681-f942ef597331#MD_DataIdentification,https://www.nationaalgeoregister.nl/geonetwork/srv/dut/csw?service=CSW&request=GetRecordById&version=2.0.2&outputSchema=http://www.isotc211.org/2005/gmd&elementSetName=full&id=0deb6c22-a6ae-453d-a956-205f52141ca1#MD_DataIdentification""]","Beheer PDOK","OGC:WMS","Operates on:604d241d-6792-4286-bbef-44b2ce5c38c1 not found in Inspire CSW endpoint in service: 4041f923-6b77-4816-bf46-437e85416c31 Kaderrichtlijn Mariene Strategie Nederland WMS","4041f923-6b77-4816-bf46-437e85416c31","wms","view","","Kaderrichtlijn Mariene Strategie Nederland WMS","https://service.pdok.nl/rws/richtlijnmarienestrategienederland/wms/v1_0?request=GetCapabilities&service=WMS"
"","hydrologistiek@mindef.nl,hydrologistiek@mindef.nl","Operates on has matching Inspire dataset","Nederlands metadata profiel op ISO 19119 voor services 2.1.0","http://www.nationaalgeoregister.nl/geonetwork/srv/dut/xml.metadata.get?uuid=a322184d-6285-4856-bb78-f450b30ffc0e#MD_DataIdentification","Ministerie van Defensie, Koninklijke Marine, Dienst der Hydrografie","OGC:WMS","Operates on: not found in Inspire CSW endpoint in service: 17ad94f6-4961-448b-a6f5-5368b7870409 Bathymetrie Nederlands deel van de Noordzee dieper dan 10 m LAT -Viewservice","17ad94f6-4961-448b-a6f5-5368b7870409","wms","view","","Bathymetrie Nederlands deel van de Noordzee dieper dan 10 m LAT -Viewservice","https://inspire.bathy.online/geoserver/bathy/wms?request=GetCapabilities&service=WMS&version=1.3.0"
"5c37d29a-006d-4136-8989-adfc35a1d4a7","beheerpdok@kadaster.nl,beheerpdok@kadaster.nl","Operates on has matching Inspire dataset","Nederlands metadata profiel op ISO 19119 voor services 2.1.0","https://nationaalgeoregister.nl/geonetwork/srv/dut/csw?service=CSW&request=GetRecordById&version=2.0.2&outputSchema=http://www.isotc211.org/2005/gmd&elementSetName=full&id=5c37d29a-006d-4136-8989-adfc35a1d4a7#MD_DataIdentification","Beheer PDOK","INSPIRE Atom","Operates on:5c37d29a-006d-4136-8989-adfc35a1d4a7 not found in Inspire CSW endpoint in service: 68a7e4c1-0073-4a1a-a6df-084d2badf45a CBS Wijken en Buurten 2019 versie 3 ATOM","68a7e4c1-0073-4a1a-a6df-084d2badf45a","atom","download","","CBS Wijken en Buurten 2019 versie 3 ATOM","https://service.pdok.nl/cbs/wijkenbuurten/2019/atom/index.xml"
